Ticker,변동성,평균 주간 수익률
A000020,0.373615451,0.005403087
A000080,0.255891538,0.001427162
A000180,0.291989445,-1.68623E-05
A000227,0.37245183,0.006893274
A000325,0.099476604,0.001053899
A000440,0.193802395,0.004740827
A000590,0.171930816,8.1181E-05
A000670,0.275057648,-0.001735496
A000700,0.183849276,0.000922488
A001000,0.210816441,0.002515149
A001020,0.81608771,-0.003525877
A001070,0.382823891,0.006014485
A001270,0.145420724,0.001792475
A001290,0.383514698,0.001960441
A001390,0.302356249,0.003987959
A001450,0.220017179,-0.000574821
A001460,0.312575432,-0.001181322
A001465,0.210535206,-8.39378E-05
A001470,1.848196782,-0.000862126
A001525,0.332022665,0.000607308
A001780,0.360858221,0.002638824
A001790,0.126172255,0.001243826
A001799,,
A001800,0.432370282,-0.004532666
A001810,0.185332502,0.000803096
A002030,0.163772564,0.00037565
A002070,0.418187634,0.0050275
A002170,0.151439677,0.002088178
A002230,0.180366838,-6.0078E-07
A002290,0.164032934,0.004882739
A002300,,
A002310,0.282286287,0.004671471
A002360,0.2266254,-0.000353759
A002420,0.187359947,0.004609304
A002460,0.144600144,0.001454826
A002550,,
A002710,0.241763803,0.005615193
A002790,0.381003996,-0.002477711
A002840,0.450081758,0.006852844
A002900,0.315620553,0.005735512
A002990,0.19107287,0.001295483
A003010,0.251846524,0.005735028
A003075,0.409314962,0.006534274
A003220,0.116811513,0.002424289
A003480,0.245078888,0.001346408
A003530,0.209312818,1.11933E-05
A003535,0.270617824,0.004662743
A003547,0.106251735,0.001712624
A003560,0.17794121,0.000725994
A003580,0.352426689,0.008581437
A003650,0.127530762,-0.000259535
A003670,0.590943925,0.010153488
A003680,0.298841163,0.002583927
A003780,0.189895142,0.004877588
A003800,0.159927602,0.001731404
A004080,0.084453058,0.001204661
A004200,,
A004255,0.147716245,-0.00114053
A004365,0.126726061,-3.70395E-05
A004410,0.229860913,0.003680959
A004430,0.231707792,0.00189345
A004490,0.142868999,0.00307687
A004540,0.258954569,0.002095745
A004545,0.183723078,0.004968327
A004650,0.214144483,-0.000165015
A004830,0.4593602,0.002356166
A004840,0.310585453,-0.000550542
A004890,0.134448729,0.001923651
A004910,0.312023373,-0.001367502
A004980,0.264008223,0.003042115
A004985,0.432886462,0.007946562
A004987,,
A005180,0.097931349,-0.000144663
A005257,1.229254681,0.015195238
A005305,0.131091514,-0.000738741
A005320,0.382185012,0.003851613
A005387,0.15597201,0.000753974
A005670,0.198747924,0.003734043
A005680,0.186861743,-3.98834E-05
A005690,0.574527089,0.010575927
A005720,0.223558119,-0.001220813
A005740,0.411381152,-0.001667812
A005800,0.206973041,-0.000812518
A005870,0.290025436,-0.000854731
A005990,0.357631714,-0.002719063
A006040,0.190959905,0.000420902
A006050,0.336703682,0.005241534
A006060,0.175910887,0.001477945
A006090,0.232276542,-5.87529E-05
A006120,0.320111257,0.002770849
A006140,0.094620241,0.002199055
A006260,0.243279224,0.003716311
A006280,0.309661798,0.003428313
A006370,0.316678401,-0.000961268
A006390,0.399864274,0.009304841
A006580,0.300103283,0.004758148
A006620,0.283314446,-0.128010139
A006650,0.314611282,0.00289302
A006740,0.197346738,0.005304695
A00680K,0.115862802,-0.053571429
A007110,0.329776027,0.005957866
A007190,,
A007540,0.223497538,0.002621727
A007590,0.074159293,0.000485788
A007700,0.580717636,0.008758414
A007770,0.157048515,0.001078406
A007810,0.352445499,0.003805863
A007820,0.322371434,0.002490128
A007860,0.442578613,0.002691645
A008000,,
A008040,0.257631552,0.000142473
A008290,0.264184948,-1.24762E-05
A008370,0.102487021,0.00131531
A008470,0.108979533,0.00055803
A008600,0.349635253,0.000963014
A008770,0.235554753,0.002122853
A008775,0.192145003,0.004621272
A008800,,
A008830,0.123162521,0.003576421
A008970,0.339525584,0.003705934
A009150,0.329531201,0.005485862
A009155,0.284982557,0.005301413
A009290,0.175516164,0.000585843
A009320,0.280641961,0.005603138
A009410,0.407483779,0.007274296
A009460,0.487050608,0.006150172
A009780,0.195636365,0.003809039
A009830,0.301799878,0.004095096
A009900,0.057887446,1.216066482
A010060,0.326420092,0.003077316
A010620,0.217495545,0.003814322
A010770,0.302820591,0.003540193
A010960,0.164156836,0.00241148
A011070,0.243715502,0.004097292
A011090,0.456080727,-0.001311449
A011150,0.205840605,0.003465681
A011155,0.312445098,0.006462479
A011170,0.240479934,0.001280731
A011230,0.355595685,0.004357562
A011280,0.322738544,0.004544312
A011370,0.279561441,0.000947018
A011560,0.304828309,0.001235884
A011690,0.571117933,0.002967429
A012030,0.143515807,0.002816324
A012170,0.733495516,-0.004043312
A012280,0.166548595,0.003819937
A012340,0.31589693,0.000932623
A012600,0.477402741,0.006836645
A012620,0.111047631,7.55819E-06
A012750,0.069062419,-0.000320976
A013000,0.244814906,0.005672972
A013310,0.408224726,0.001190303
A013520,0.310769377,-0.000464815
A013720,0.399654234,0.007213646
A013810,0.3693871,0.009070936
A013870,0.256544482,0.005157538
A014915,0.523177941,0.009537952
A014970,0.294838977,0.00710426
A015020,0.402453512,-0.000155144
A015350,0.121760458,0.001970275
A015540,0.574625575,-0.001729179
A016250,0.243860767,0.003398205
A016360,0.103542732,0.001083107
A016385,0.283689767,0.005956981
A016600,0.34775682,0.003095726
A016710,0.396327065,0.00413063
A016790,0.305105157,0.865889213
A016800,0.075687411,-0.000726066
A017000,0.294089984,0.001965698
A017370,0.348895766,0.000792253
A017550,0.215377753,0.003398595
A017670,0.091217326,0.000981667
A017960,0.202782993,0.004430195
A018120,0.058834608,-0.000130094
A018620,0.343434007,0.002895427
A019175,2.069504238,0.022581579
A019490,0.290128997,-0.001914822
A019570,0.922835536,0.00324002
A019660,0.338291859,0.001751176
A020120,0.483204247,0.006759518
A020560,0.144489251,0.002284241
A021240,0.122436899,5.65008E-05
A023760,0.141415386,0.000212442
A023790,0.233687202,0.00559709
A024900,0.20582214,0.002012889
A024940,0.20539051,0.001438142
A025000,0.138838618,0.00120376
A025620,0.604494679,0.002155173
A025750,0.208315738,0.003477908
A025860,0.247017682,0.000775719
A025880,0.335067196,0.003802253
A027390,,
A027580,0.464678374,-0.000579067
A027830,0.221277559,0.003807762
A028670,0.178206185,0.002661769
A029460,0.272050031,0.005803847
A029530,0.267014932,-0.001648798
A030350,0.421105808,0.00083966
A031440,0.343353467,-0.002441575
A031510,0.335066842,0.004607491
A031820,0.14063429,0.002120268
A032350,0.321732916,0.004932728
A032560,0.227589742,0.003360051
A032580,0.26974048,-0.000630414
A032620,0.431342119,0.005557861
A032680,0.175777496,0.002828412
A032685,0.297961959,0.005690117
A032830,0.257833282,6.69402E-05
A032850,0.344237389,0.003368513
A033050,0.178133067,0.001897738
A033110,0.762475945,-0.00244562
A033160,0.159808722,0.003210568
A033170,0.263228779,-0.000417199
A033200,0.332778467,0.0096912
A033240,0.308662909,0.004085315
A033320,0.239796448,0.004956993
A033340,0.408967586,0.00360172
A033600,,
A033830,0.251742269,0.005310768
A035080,0.545284962,-0.004711455
A035890,0.140227247,0.003181909
A036200,0.247305779,0.003952766
A036500,,
A036670,0.135117571,0.00137927
A036810,0.801400112,0.010272972
A037350,0.252944327,0.001723566
A038110,0.326839279,0.00028432
A038950,0.205150326,0.002527506
A039010,0.187307785,0.001318813
A039020,0.158414074,0.000578602
A039310,0.202287473,0.000902212
A039340,0.186251071,0.003715161
A039560,0.257911108,0.005288877
A039570,0.2400818,-0.000882056
A039830,0.127542664,3.16673E-05
A039860,0.308053287,0.002877667
A040300,0.18099924,0.001085478
A040350,0.3222454,0.004897879
A040420,0.081554299,8.73796E-05
A041830,0.345957716,-0.003267843
A042370,0.217105215,0.005029694
A042520,0.228341459,0.000748278
A043220,0.389111443,0.003760292
A043370,0.252670214,1.16805E-05
A043610,0.225252425,0.001693297
A043910,0.311572345,0.005227779
A044180,0.500493118,-0.00160217
A044450,0.123610068,0.001412623
A045300,0.23287997,0.003975054
A046110,0.23088739,0.003058026
A046120,0.222508483,0.002864374
A046310,0.321624757,0.004145926
A046390,0.188813686,0.004278709
A047080,0.320066775,0.00220606
A047310,0.371169175,0.005242806
A047400,0.249513641,0.005078976
A047440,,
A047770,2.053317201,0.001807011
A047810,0.374655681,-0.002261151
A047920,0.45030452,0.007297534
A048470,0.463936197,0.006530991
A049180,0.610602085,0.003600473
A049470,0.496327594,-0.002232434
A049520,0.186080344,-0.000913587
A049550,0.389493594,0.00149126
A049830,0.205154906,0.000678844
A050110,0.189778299,0.003098549
A050540,0.546818156,-0.007601627
A051360,0.125572334,0.001033471
A051500,0.356193561,-0.003869076
A051900,0.177383535,0.002668775
A052460,0.19687975,0.001714869
A052690,0.221689606,-0.000352465
A053050,0.14904908,0.000627583
A053060,0.45627774,0.001420295
A053080,0.043077807,0.016470588
A053610,0.342249278,0.007674261
A053620,0.151901336,0.000532167
A053700,0.232393352,0.002833556
A054410,0.320205124,0.00011684
A054450,0.185030318,0.004213589
A054780,0.166188822,0.001862558
A054940,0.223442967,0.00222091
A054950,0.253956969,0.00015898
A056000,0.433888943,0.005637392
A056190,0.144562446,0.002820391
A057680,0.468381736,0.005028987
A058400,0.308095892,0.008485453
A058420,0.489347034,-0.001082271
A058610,0.251443255,0.003753601
A059120,0.260043929,0.003737007
A059270,,
A060080,,
A060240,0.390115103,-7.76856E-06
A060260,0.672740063,0.004589867
A060300,0.748867303,-0.007354064
A060540,0.126485703,0.00262274
A060560,0.265082348,0.00164541
A060570,0.282427925,0.004329233
A061460,,
A063570,0.28964456,0.001091474
A064090,0.597541777,-0.005931374
A064350,0.255202902,0.003625283
A064550,0.488563052,0.006594441
A064960,0.256733184,-0.000695147
A065060,0.632481412,0.003813675
A065130,0.203740163,0.004636869
A065160,,
A065420,0.455679485,0.000627309
A065450,0.395923944,0.008870683
A065560,0.364394771,-0.003800016
A065620,,
A065650,0.212707633,0.004088378
A065690,0.211308358,-0.000358025
A065710,0.296829007,0.004317069
A065770,0.215480018,0.002232336
A065940,,
A066590,0.403969326,0.009022284
A066670,0.095446841,0.00055919
A066790,0.775544601,-0.003076313
A067080,0.399098396,-0.001521274
A067170,0.224210821,0.006990653
A067280,0.171053539,-0.000481066
A067830,0.257998303,-0.001669798
A067990,0.264244032,0.004877425
A068050,0.277454995,0.006167566
A068270,0.431795959,0.007534408
A068290,0.328414966,0.006793259
A068760,0.764700125,0.015520067
A069080,0.290835511,0.003831969
A069540,0.240752083,0.002894035
A069640,0.513484554,-0.00352924
A070960,0.324930644,-0.178632479
A071050,0.230578523,0.003638804
A071320,0.236557726,-0.000804691
A071950,0.217363294,-0.000161408
A071970,1.299643515,-0.005986446
A072020,0.172805733,0.003006888
A072520,0.455943928,0.009302954
A072710,0.244226239,-0.002231009
A073190,0.160019849,0.004280556
A073240,0.36306518,0.000773021
A073560,0.147069393,-0.118965517
A073640,0.366185367,0.006165344
A074150,,
A075970,0.159670903,0.004634415
A076080,0.228899503,0.004200775
A077970,0.333738867,0.004527644
A078020,0.279109328,-0.000702743
A078070,0.746141665,0.007601666
A078130,0.954587812,0.014535175
A078150,0.285394207,0.002978602
A078650,0.619736359,-0.002098066
A078860,0.455479412,-0.001746859
A078930,0.183082067,-0.000577083
A079370,0.211918449,0.005132675
A079430,0.304022394,-0.000837108
A079440,,
A079660,,
A079940,0.356980587,0.004091773
A080000,0.241923724,0.001630837
A080220,0.208771533,0.000990735
A080420,0.243402593,0.001105434
A080530,0.58990104,-0.003100074
A082740,0.330794278,0.008457607
A082850,0.684415332,0.007311411
A082920,0.182065313,0.003150913
A083310,0.259384209,0.005766049
A083450,0.479064749,0.006604372
A083550,0.4552905,0.007083312
A083930,0.171705415,0.004522926
A084670,0.064054295,9.61485E-05
A084730,0.222785935,0.002565853
A084870,0.569248615,-0.004200186
A085910,0.136944635,-0.00030481
A086790,0.22586044,0.002679296
A087220,,
A088290,0.981267231,0.013169788
A089010,0.473969522,0.008569743
A089030,0.242015398,0.005892734
A089140,0.40349247,0.004289245
A089590,0.278184163,-0.00062006
A090350,0.164940987,0.000961699
A090370,0.946557099,-0.004883088
A091160,0.172125884,0.00355093
A091180,0.116626344,0.001487904
A091990,0.330907621,-0.00198917
A092040,0.248857653,0.002892845
A092780,0.156845886,-0.045407637
A093370,0.211661834,0.005404858
A093380,0.154188697,0.00180588
A093640,0.323118857,0.001087496
A094360,0.259026481,0.006846332
A094820,0.140416844,0.002079295
A094840,0.255255811,-0.00127872
A095190,0.288933822,0.004927422
A095610,0.311168206,0.006609254
A096040,0.611840574,-0.000857544
A096530,1.155659724,0.00912621
A096630,0.221373352,0.005321178
A096760,0.262397857,0.000212758
A097870,0.260957454,0.000724047
A097950,0.149620893,0.000723369
A098120,0.319340274,0.0026558
A098460,0.297420085,0.004992015
A099140,0.104368752,0.001177471
A100030,0.408549487,0.003829998
A100590,0.140435303,0.352564103
A100840,0.188957784,-0.001053452
A101170,0.317615366,0.003500329
A101280,0.10503512,0.001602482
A101360,1.356342649,0.021237155
A101670,0.247696212,0.002152426
A102120,0.274011001,0.006707426
A102210,,
A103140,0.286423082,0.001459424
A103230,0.683419092,0.003744374
A103840,0.170207663,0.009687836
A104040,0.402355436,0.007574848
A104110,,
A104200,0.296466126,-0.001730082
A104520,0.091708556,0.001665588
A104540,0.391151032,0.001182208
A105330,0.251052158,0.003826661
A106520,1.057169697,-0.005270178
A108230,0.405987271,0.002963111
A108675,0.401535248,-0.002883921
A109080,0.114795279,0.002672391
A109740,0.391352638,0.006889003
A109960,0.556764696,-0.00099903
A110020,0.386037568,-0.196103454
A110570,,
A111710,0.245981634,-0.26091954
A111820,0.549341333,-0.003699635
A111870,0.321496859,0.004085417
A112240,,
A114450,0.423382367,0.009880037
A115390,0.288975519,0.000799995
A115450,0.305493646,0.005667114
A115570,0.207404579,8.39914E-05
A115610,0.368872583,-0.000742107
A117700,0.116820355,0.001377863
A119650,0.247106511,0.004957658
A119830,0.44202063,0.005671847
A121850,0.558919655,0.000502404
A122630,0.207921996,0.004788746
A122690,0.414076554,-0.00091408
A123010,0.337783921,0.007640723
A123040,0.339766123,0.007633058
A123100,,
A123310,0.122309989,-0.00224268
A123750,0.444414375,-0.000314184
A123840,0.45813168,0.002685011
A123860,0.2862066,0.005187292
A126340,0.919569162,0.014112121
A126640,0.172052985,0.002090935
A126870,0.306900795,0.00219789
A127120,0.621999945,0.003987388
A128820,0.240879283,0.002564897
A130500,0.347827589,0.007278721
A130740,0.224423906,0.000881206
A131100,0.641842151,0.000421912
A131290,0.725205684,0.009723324
A131390,0.387972652,0.0060442
A131890,0.152730832,0.002344271
A133690,0.305077016,0.00417265
A134060,0.358306009,0.004564292
A136480,0.204725856,0.000491619
A137950,0.227398193,0.005901615
A138070,0.333116556,-0.00333508
A138250,0.219964355,-0.000132381
A138360,0.319528538,0.001987768
A139050,0.5812284,0.002490506
A139220,0.132720099,0.000898682
A139250,0.142345401,0.002541746
A139270,0.143768258,0.000992586
A139280,0.115360582,0.000112311
A139480,0.282982574,0.000102654
A139670,0.888222176,0.014481316
A140520,0.260060263,0.001587343
A140670,0.384755229,-0.051612903
A140710,0.124433644,0.002285442
A140860,0.455857284,0.010650503
A141070,0.338770052,0.003108329
A141080,0.48460483,0.010526041
A142220,,
A143850,0.155477165,0.002808307
A144960,0.269165483,-0.074712644
A145730,,
A145995,0.207294469,0.000643341
A147830,0.370371998,0.005806318
A149940,,
A150840,0.567624319,0.004638084
A152100,0.120606401,0.002677786
A152280,,
A153460,0.228091874,0.002906941
A153760,,
A154030,0.229587909,0.004708127
A155660,0.398423419,0.005550901
A155960,,
A157500,0.125840332,0.002107075
A158320,,
A159910,0.548081138,-0.003993789
A161000,0.324221743,0.003848134
A161890,0.255308755,-0.001192122
A168300,0.138731729,0.003085591
A169830,,
A169950,0.170678752,0.002414062
A170900,0.18186723,-0.000959702
A170920,0.148207437,0.002424857
A171090,0.373178859,-0.180277749
A173130,0.421323719,0
A174360,0.163966576,0.00213191
A178320,0.39449657,0.023478971
A178780,0.538675525,0.001766452
A179900,0.463037604,0.087328193
A180640,0.665385271,0.008401832
A181340,0.275294825,-0.122100122
A182360,0.328322062,0.008010426
A182400,0.239278938,0.002826457
A183490,0.37383779,0.006001176
A184230,0.369975123,-0.001355334
A184390,,
A186230,0.357040698,0.007485915
A187270,0.397225341,0.000573585
A187870,0.55617593,0.009030517
A189300,0.396572046,-0.102362205
A192410,1.041581121,0.002078395
A193250,0.51814575,0.005500578
A194510,,
A194700,0.319686876,-0.160206718
A195930,0.085645851,0.001246169
A196030,0.189592037,0.002832989
A196170,1.486366224,0.014726978
A199890,,
A200030,0.122373205,0.002150679
A200050,,
A200470,0.361008266,0.007936182
A203450,0.214640367,0.006342068
A204620,0.234004658,-5.88891E-06
A204840,0.570401853,0.006225817
A205100,0.176932458,0.002455617
A206640,0.366739514,0.000822404
A207760,0.587501293,0.007852744
A208340,0.344104218,0.162790698
A210980,0.165137182,0.001549878
A211560,0.08096416,0.000798125
A213420,0.338800566,0.006065704
A213630,0.097287649,0.001522536
A213930,,
A214180,0.203605411,0.001553138
A214260,0.246081164,-0.069908815
A214310,0.566618892,0.000934623
A214420,0.402204239,-0.000766752
A214450,0.246948112,0.000446951
A214610,0.533858353,0.001790088
A215100,0.268594424,0.004880044
A215380,0.266209091,0.006092904
A215480,0.346144246,0.004801672
A216050,0.353219069,0.047663754
A217500,0.163015734,0.003295582
A219130,0.419034142,0.006690266
A219480,0.159529758,0.002833096
A219550,0.378773602,0.003339744
A220180,0.42409306,0.001653073
A220630,0.158821868,0.004471486
A222110,0.329910334,-0.038116592
A222180,,
A222190,,
A225330,0.192463834,-0.111452729
A225590,0.230021324,-0.000326651
A226380,0.10356459,-0.000115373
A226400,0.37226097,-0.232951945
A227540,0.181823915,0.001659273
A227550,0.150287498,-0.0002514
A228790,0.212503783,-0.001206089
A229640,0.109714191,0.024279211
A232080,0.17632599,0.002048473
A233160,0.368379283,0.004066752
A234100,0.562983569,0.019040988
A235370,,
A236350,0.181244784,0.005561173
A236490,,
A237350,0.122132348,0.003476965
A237690,0.440364575,0.048863636
A238120,0.224899256,0.053006682
A238490,0.258000247,-0.05154265
A238720,0.132543687,-0.00142315
A239890,0.320658629,0
A240600,,
A241390,0.045767243,0.002050861
A241590,0.230638134,0.068965517
A241660,,
A243840,0.190605461,0.105527638
A243890,0.272074051,-0.04507772
A244290,,
A244310,,
A244580,0.2166125,0.024697337
A245350,0.104215369,-0.02127425
A247540,0.450694379,-0.021459227
A247580,,
A247790,,
A249420,0.169045994,-0.065096237
A250780,0.228439108,-0.001505268
A250930,0.13963191,-0.004940711
A251340,0.232687896,-0.001502253
A251590,0.091072915,-0.010288749
A251600,0.035177195,-0.006478579
A252710,0.224833433,0.006622517
A252720,0.106105272,0.014648858
A252990,,
A253230,0.230842589,0.004584819
A255890,,
A256450,0.200334618,0.021161417
A257370,0.25141938,-0.208613728
A258830,0.345970295,0.032986111
A258840,,
A259070,,
A260270,,
A260660,0.221875009,-0.095709841
A261140,0.106102873,-0.002067065
A261200,0.072253183,0.002493766
A261220,0.347219247,-0.003694581
A262260,0.069164719,-0.170655567
A262840,,
A263020,0.269420195,-0.101123596
A263540,0.713603648,-0.185365854
A263720,0.481221441,-0.027664975
A263750,0.145065795,0.101851852
A263860,0.174641843,0.18816039
A264850,0.09775628,-0.005186233
A265920,,
A266390,0.105299129,0.016037454
A266550,0.108521538,0.000915751
A267260,0.665724536,0.078494985
A267290,0.243506205,0.148760331
A267320,0.322480912,0.042913608
A267980,0.106410871,-0.037825059
A269530,0.0849599,0.016552866
A269620,0.580026318,0.068181818
A270660,1.052005169,0
A270800,0.110947867,0.006638826
A271530,,
A271980,0.254780228,0.105093544
A272810,,
A273060,0.059882227,0.01284585
A275630,0.427016841,-0.149606299
A277410,0.277580445,0.028887001
A277540,0.103257306,-0.002467917
A279120,,
A281410,,
A281740,0.12246585,0
A282880,0.118116724,-0.057394112
A284710,,
A284740,0.114762492,-0.07651715
A285340,,
A287300,0.16589541,0.031276063
A289040,0.099032368,0.028351971
A290270,0.198903428,-0.127586207
A290520,0.077521601,0.051980198
A290670,0.201725428,-0.191061274
A291660,,
A291890,0.081057645,0.021421108
A292050,0.101926051,-0.013245497
A292070,,
A294080,,
A294400,0.101249188,-0.01153143
A295040,0.101267674,-0.009336609
A297090,0.614753468,-0.117204301
A297570,0.274068614,0.031527395
A298380,0.258644255,0.120448179
A298410,,
A29923L,,
A299900,0.159298697,0.031059878
A299910,0.372238615,-0.014705882
A30018L,,
A300610,0.147378689,-0.009444853
A300720,0.240985258,0.028806584
A301410,0.171720262,0.054325956
A302550,0.324501162,-0.126843658
A304660,0.129452991,-0.014536341
A304670,0.153825483,0.012954659
A304770,0.146022141,0.042627092
A304840,0.143778784,0.467166979
A306950,0.201133153,-0.121241991
A307010,0.199144891,-0.114737883
A308460,,
A309110,,
A309210,0.223472499,0.004219409
A310840,0.02953876,0.002543235
A311120,,
A31134K,,
A312230,,
A312800,,
A313100,,
A313750,0.018090386,0.005
A314080,,
A316320,,
A316670,0.154380037,0.021483021
A317240,0.057070304,-0.002427184
A317400,0.311552694,0.055555556
A317530,0.324913183,-0.123502304
A317830,0.219914321,-0.220618557
A318000,0.172689712,-0.277824268
A318010,0.117432578,-0.069090909
A319400,0.177829363,0.002684049
A321260,0.116942029,0.150769231
A321550,0.180957372,0.275092937
A321820,,
A322000,0.290363303,-0.1
A322130,0.10229958,-0.015311162
A322180,0.144258024,-0.050890585
A322400,0.183047653,0.031856387
A322410,0.099960351,0.007115903
A32316K,,
A323280,0.025987484,-0.215017065
A326240,0.187715306,0.013677064
A328380,0.00965861,0
A329560,0.009302867,0.002457002
A330860,0.088809262,-0.033412888
A332290,0.012160125,0
A332570,0.082696905,-0.183510638
A333970,0.112423051,0.029966167
A336260,0.740385537,0.312245653
A33637L,0.29365952,2.674568966
A336730,,
A337120,0.124244094,-0.028184554
A337160,0.121657419,-0.021741319
A337450,0.005255934,0.0075
A340750,,
A34385K,,
A347000,0.101207482,0.788194444
A347140,0.008020866,0.002506266
A347770,0.051584466,-0.117486339
A347860,0,
A350340,,
A351320,0.012645804,0.002457002
A352700,,
A352910,,
A352940,0.100101353,0.512295082
A35320K,0.116235933,-0.080882353
A354200,0.101351972,0.348979592
A354500,0.089866915,0.012351544
A357580,,
A360200,0.025218751,0.010901883
A360750,0.025502515,0.0085
A361670,,
A363280,0.08187464,0.027310924
A364990,0.057749775,-0.060098522
A367360,,
A367380,0.021025543,0.066081569
A367460,,
A368680,0.045547746,0.02592955
A371130,0.057137414,0.033317001
A371160,0.006413419,-0.000979432
A371460,0.023912306,0.104135526
A375500,,
A375770,,
A376430,,
A377400,,
A377630,,
A38380K,,
A387270,,
A390400,,
A000050,0.223708215,-0.000477255
A000087,0.117619584,0.000656973
A000105,0.299201658,0.00435339
A000140,0.278506249,0.001151403
A000145,0.329237621,0.003586845
A000150,0.241506111,0.001286856
A000210,0.105973336,0.002020128
A000220,0.182608108,0.002622295
A000230,0.382283911,-0.00122405
A000250,0.554687876,0.011453864
A000390,0.31602043,0.003197784
A000400,0.226597529,-0.00042795
A000430,0.156259459,8.10165E-05
A000545,0.381468901,0.006120458
A000547,0.231830766,0.005657358
A000640,0.272157819,-0.00079034
A000720,0.218915826,0.002824469
A000815,0.121867804,-0.000439644
A000970,0.121960395,0.000150037
A001045,0.274594163,-0.0014888
A001060,0.225414414,0.001576371
A001140,0.581077483,0.007501049
A001210,0.448024003,-0.001716665
A001275,0.098144835,0.001221491
A001340,0.196365801,0.004153897
A001430,0.343050203,-0.002209542
A001510,0.258130623,0.000407093
A001520,0.337381086,-0.001196991
A001527,0.199521587,0.002547989
A001620,0.51151717,-0.002664356
A001720,0.089902497,0.000491491
A001740,0.152159857,0.000598989
A001745,0.42449484,0.008507081
A001750,0.096415055,0.001513298
A001755,0.319269136,0.004595441
A002005,,
A002025,0.355725581,-0.000424211
A002250,,
A002350,0.27997334,-0.001639883
A002355,0.284801689,-0.001892657
A002390,0.186295992,0.001969783
A002410,0.4374001,0.005672789
A002450,0.235367382,-0.001550665
A002600,0.252774961,0.001426544
A002680,0.153120594,0.003576637
A002760,0.376916697,0.008547757
A002780,0.141554053,0.0018681
A002787,0.244990136,0.004549919
A002800,0.209312167,-0.207885305
A002870,0.438369822,0.008716795
A002960,0.196167243,-0.001959807
A003080,0.160368671,-8.72025E-05
A003100,0.134072164,0.002031731
A003230,0.394869967,0.007318405
A003240,0.247612883,-3.63871E-05
A003350,0.207288943,0.003558298
A003470,0.169239301,0.00117698
A003475,0.107873732,0.00098619
A003495,0.477951598,0.013123155
A003520,0.32511807,0.009071791
A003610,0.113237032,-0.00038488
A003720,0.311054629,0.004079192
A003920,0.282981206,-0.003100456
A003960,0.216863964,0.001112425
A004130,,
A004150,0.275855491,-0.001619108
A004270,0.300496086,0.006992452
A004360,0.17315457,-0.00079071
A004370,0.167130628,-0.000862972
A004415,0.469620311,0.013933531
A004565,0.276818293,0.008203199
A004700,0.144724547,0.003206017
A004710,0.38788281,-0.001001953
A004770,0.292692561,0.003236107
A004920,0.31948872,-0.000767833
A005030,0.637562019,0.00162196
A005070,0.575979087,0.012699156
A005160,0.28011199,0.001054707
A005190,,
A005300,0.19862701,-0.00231912
A005420,0.598113868,0.007543233
A005430,0.149866792,0.002486609
A005440,0.264851343,-0.002905254
A005450,,
A005500,0.225683333,0.00126788
A005750,0.46003884,-0.000669867
A005810,0.222096225,-0.000698142
A005860,0.167763629,0.002501365
A005950,0.24723354,0.003544062
A005960,0.247075133,0.000378064
A005965,0.268347838,0.002665999
A006220,0.309760124,-0.003585232
A006340,0.278767319,-0.000553854
A006360,0.230239583,0.004014609
A006405,0.577272566,0.007511214
A006800,0.153588244,0.00177403
A006880,0.288792749,-0.002141913
A006910,0.589797762,0.000642953
A006980,0.139420973,0.00146177
A007690,0.152954501,0.000534193
A008110,0.129418748,0.000187381
A008260,0.237958398,0.001166018
A008350,0.649122136,0.009291586
A008355,0.813708028,0.013531634
A008420,0.154471239,0.003140584
A008500,0.280591526,-0.000334706
A008700,0.359937504,0.007183869
A008730,0.146062948,0.003480458
A008870,0.197801928,0.00298774
A009140,0.192630325,0.002696171
A009190,0.584866404,0.007026775
A009200,0.150011831,0.000556992
A009240,0.453498727,-0.001508727
A009415,0.856427588,0.013981666
A009520,0.421321934,0.005855121
A009540,0.190333394,0.0028984
A009730,0.447987501,-0.001094861
A009770,0.168700712,-0.000274968
A009835,0.828938403,0.011588593
A010040,0.328009386,0.004481122
A010120,0.19103164,0.002666996
A010145,1.347267204,0.018591688
A010400,0.229017868,-0.211195929
A010420,0.198633257,0.002809944
A010470,0.182947552,-0.000845693
A010600,0.545907707,0.005348375
A010780,0.220598068,0.002433533
A010820,0.319769183,-0.000392882
A010955,0.338391602,9.90721E-05
A011320,0.352404124,0.007643148
A011390,0.588149619,0.012954495
A011420,0.292636426,-0.000520899
A011500,0.225409942,0.00474436
A011790,0.366293086,0.005665739
A011930,0.381279263,0.005298432
A012205,0.430134015,0.010929027
A012320,0.381587682,-0.002823082
A012510,0.533165501,0.008199717
A012700,0.175976453,-0.000296119
A012790,0.592985301,0.009411904
A012800,0.132474519,0.003920745
A012860,0.305339317,0.001860267
A013890,0.620585052,0.032333759
A014160,0.172251718,0.003411916
A014190,0.231643653,0.000832018
A014440,0.195015821,4.74836E-05
A014570,0.241006244,0.006548841
A014820,0.38743601,-0.002029118
A014825,0.13668767,0.002292472
A014910,0.740206849,0.004829075
A014990,0.298183311,0.00301733
A015230,0.165603947,0.001388642
A015360,0.071972455,0.000243662
A015590,0.243616603,0.002429472
A015750,0.344714897,-0.000132446
A015890,0.122808825,0.001313418
A016090,0.230278292,-0.000782746
A016450,0.455360491,-0.002660499
A016880,0.358952218,-0.002722611
A017180,0.214868048,0.008380646
A017480,0.153994565,0.001695273
A017800,0.262907757,0.003561076
A017810,0.226519128,0.001009033
A017890,0.276118565,0.004699733
A017900,0.147715586,0.001842227
A018250,0.396462153,-0.041428571
A018260,0.170910215,-0.00018023
A018310,0.305338549,-0.001042714
A018680,0.261335926,0.002407283
A018700,0.744716817,0.008904836
A019010,0.221153601,0.003661383
A019685,0.210136555,-0.002646513
A020000,0.148789628,0.000149939
A020180,0.302818446,0.005788475
A020400,0.171537624,0.00348157
A021040,0.251712298,0.000927762
A021820,0.383369763,-0.003422277
A022100,0.191317358,0.003148617
A023000,0.159031411,-0.000338792
A023430,,
A023440,0.243772595,0.00207876
A023530,0.308894361,-0.001570282
A023770,0.549473893,0.009578356
A023800,0.28299905,0.007229162
A024060,0.398659776,0.006119922
A024090,0.073073381,0.001317379
A024120,0.127938502,0.002068945
A024740,0.245730582,0.001957981
A024830,0.167684185,-0.000556993
A024880,0.130765483,0.00290518
A024890,0.269439435,-0.000458302
A025320,0.358968459,0.00846932
A025440,0.290194436,0.003152261
A025560,0.434193888,-0.005334645
A025900,0.306981454,0.005036812
A025980,0.459516235,0.004133226
A026180,,
A026260,,
A027050,0.270013522,-0.000927323
A02826K,0.172361588,0.001477325
A030720,0.086239372,0.002040179
A030790,0.65735052,0.004756818
A031330,0.116984639,0.001797775
A032280,0.1541658,-0.001380782
A032300,0.163046599,-0.161490683
A032500,1.003993136,0.015015714
A032640,0.144060412,0.001378738
A032800,0.423779611,0.003791598
A032940,0.251526889,0.001030674
A032980,0.309971565,0.002620198
A033100,0.412203818,0.007107767
A033270,0.474207124,0.008518954
A033290,0.258190064,0.003804022
A033430,0.448537842,-0.003633331
A033560,0.488188752,-0.001150114
A033660,,
A033790,0.537790799,-0.000536449
A034810,0.201437969,0.000124127
A034830,0.2210332,-0.000430921
A034950,0.257095416,0.003185836
A035150,0.218149052,0.002556013
A035200,0.235959062,0.004811105
A035460,0.17291167,0.00117572
A035480,,
A035510,0.262948818,0.003050483
A035600,0.233759931,0.003265843
A035610,0.190864025,0.002709655
A035620,0.277327977,0.002457341
A035760,0.214183379,0.000282924
A035810,0.188400536,0.000263175
A035900,0.594242671,0.010235379
A036000,0.495145965,0.000976175
A036030,0.192650674,-4.99999E-05
A036170,0.345021045,0.002280845
A036260,,
A036420,0.280280245,0.000241707
A036540,0.422113508,0.005310454
A036710,0.262644872,0.002002063
A036800,0.185683118,0.000691662
A036830,0.257059669,0.005562602
A037030,0.85179716,0.060059285
A037330,0.208910288,0.004633078
A037560,0.309298101,-0.002993221
A037620,,
A038070,0.163862972,0.002076382
A038160,,
A038530,0.763072889,-0.004192033
A039740,0.31889487,-0.001300695
A041190,0.63233102,0.015925626
A041440,0.356483743,-0.001202139
A041510,0.22179894,0.000304703
A041920,0.393599465,0.002289763
A042420,0.104618344,0.001484753
A042510,0.164437907,0.001683679
A042600,0.309241777,0.007591182
A042660,0.181630105,0.002376225
A042670,0.229667252,0.004519171
A043100,0.643089233,-0.006301702
A043260,0.21341436,0.00440373
A043590,0.408691153,-0.000470787
A044340,0.345704699,0.005538891
A045340,0.234072964,0.007922352
A045390,0.583901249,0.010114675
A046140,0.287781026,-0.001840197
A046210,0.361786355,0.002591597
A046890,0.222380117,0.002802959
A046970,0.207333996,-0.000769813
A047050,0.194591947,0.001197594
A048260,0.239259061,-0.000256848
A048410,0.496560699,0.013094913
A048430,0.287379034,0.004960049
A048530,0.342517413,0.003338784
A048550,0.255598706,-4.24279E-05
A049430,0.123729135,0.000933711
A049450,,
A049480,0.220911162,0.003284424
A050090,0.381682103,0.001973794
A050120,0.212425463,0.001623403
A051170,,
A051370,0.650473776,0.006431394
A051380,0.421528226,0.007067847
A051490,0.367452012,0.005850187
A051910,0.339436865,0.004955243
A051980,0.907244455,0.003254093
A052300,0.408420115,-0.002067276
A052400,0.258794212,-0.000880172
A052710,0.31268799,0.005211141
A052860,0.278975083,0.004520784
A053030,0.412184204,0.004688165
A053300,0.314280023,0.001280108
A053980,0.215151117,0.003080798
A054340,,
A054670,0.21101177,0.001108016
A054930,0.341254238,0.005985529
A056090,0.52105938,-0.004438724
A056360,0.225950337,0.004528366
A057880,0.474323161,0.009172398
A058370,,
A058450,0.846437639,-0.00371433
A058650,0.27388744,-0.001393398
A058820,0.283145352,0.007397897
A058970,0.588020542,0.108433735
A059100,0.504483333,-0.002070571
A060280,0.335431296,0.002872826
A060370,0.189030583,0.001985456
A061970,0.558406524,0.014070634
A063080,0.358831982,-0.000639622
A063170,0.462916987,-0.001572555
A063760,0.422452991,0.004953396
A064240,0.629419605,0.00166539
A064820,0.259498037,0.006139676
A064850,0.448814095,0.005832914
A065150,0.317503855,-0.005048531
A065170,0.240852738,0.000132001
A065370,0.532701287,-0.056097561
A065500,0.357655532,0.00476672
A065680,0.454295733,0.004943289
A066570,0.228464472,0.004544269
A066620,0.158387169,0.001126437
A066700,0.329733462,0.005241157
A066900,0.193131745,0.002378343
A067000,0.425591847,0.003253327
A067630,0.599457678,0.014253916
A067730,0.220265324,0.002000032
A068240,0.180537817,0.002039852
A068870,,
A068930,0.392662777,0.004859711
A069260,0.153227904,0.003000426
A069330,0.612272446,-0.000593516
A069410,0.177754481,-0.000536936
A070590,0.258605328,0.00324996
A071840,0.337665616,-0.00092175
A071850,0.33121125,-0.000423385
A073010,0.373488183,4.37766E-05
A073070,,
A073540,0.301570503,0.005724583
A074600,0.249938082,0.005643419
A075580,0.383215795,0.007389314
A077280,,
A077500,0.296345368,0.007583935
A078160,0.26408583,0.000382818
A078350,0.181151022,0.003492046
A078600,0.728572808,0.013110895
A078935,0.112585653,-4.14184E-05
A079160,0.472337788,-0.004087584
A079550,0.491554877,-0.003060909
A079960,0.164413575,0.002226762
A080440,0.67845405,-0.004486457
A081660,0.566786113,0.004941449
A082640,0.457885852,-0.003012773
A082800,0.268902813,0.007921182
A083500,0.352141113,-0.08650519
A083640,0.59624711,0.010159115
A083660,0.454982141,-0.001062287
A084180,0.651312427,0.004384032
A084370,0.293857553,0.005462297
A084650,0.663240779,0.006475765
A084850,0.177579931,0.462474645
A085310,0.632356809,-0.003754517
A085370,0.430589469,-0.000472686
A08537M,0.270905968,-0.032719582
A085810,0.3513026,-0.001774441
A086060,0.168824007,0.004332097
A086250,,
A086390,0.300293991,0.007356078
A086670,0.259382674,0.006922557
A086710,,
A086820,0.271463823,0.035984848
A086830,,
A086890,0.238357153,0.002140001
A086900,0.346122028,-0.000827864
A087010,0.264797644,-0.000130847
A087600,0.519207835,-0.00068809
A088130,0.466313481,-0.000493299
A088390,0.486179896,0.005330152
A088790,0.255113893,0.000587069
A089150,0.355226375,0.006067513
A089230,0.336773623,0.001711841
A089890,0.564276892,0.008914812
A089970,0.398699349,-0.055900621
A089980,0.545315681,0.007350673
A090360,0.357078121,0.004900148
A090430,0.328715039,-0.001111728
A090740,0.382959939,0.007251177
A091090,0.237836708,0.001734021
A091170,0.167809069,0.001532896
A091230,0.178365851,0.003670547
A091440,0.204101127,0.001902983
A091590,0.387142601,0.006144687
A091810,0.377215465,-0.038512035
A091970,0.374689414,0.002642526
A092130,0.231746463,0.004147176
A092440,0.194523514,-0.001379213
A092730,0.269832785,0.000882312
A092870,0.300105488,0.005524778
A093050,0.248568062,-0.001315853
A093240,0.527769463,0.006206737
A093520,0.148864014,0.003510398
A094170,0.234630079,0.007316852
A094190,,
A094480,0.215160955,0.00125049
A094850,0.267943308,0.001079992
A094970,0.299388547,0.004238596
A095570,0.258503564,-0.000721427
A095660,0.279627352,0.003655084
A096350,0.383786136,0.005390191
A096610,0.266555601,0.001508981
A097230,0.64479561,-0.002448975
A097800,0.551908744,0.002623841
A098560,0.106446809,-0.000119472
A098660,0.149900545,0.000139118
A099410,0.309549813,0.00379759
A099440,0.257198381,-0.001564248
A099660,,
A100130,0.412744131,0.005207268
A101000,0.579845838,-0.005144044
A101390,0.543181339,-0.002475287
A101400,0.355477052,-0.002033371
A101930,0.146885078,0.002600644
A102260,0.16414528,-0.000146349
A102970,0.133446831,0.002363669
A103590,0.242653794,-0.000220889
A104530,0.10364651,0.001416287
A105190,0.120351664,0.002666603
A105560,0.201764359,0.001902776
A105840,0.222260936,-0.00010845
A106190,0.152720353,0.002359508
A106240,0.3158564,0.004703892
A108380,0.094507,0.001962789
A108670,0.322238553,-0.001255573
A110990,0.158210676,-0.087947883
A111770,0.168348867,9.88659E-05
A112040,0.281533416,0.003793341
A113300,,
A114090,0.211972433,0.000198231
A114120,0.989210933,-0.010324447
A114800,0.127169306,-0.002344589
A115960,0.281786643,-0.001127985
A117670,0.459184246,0.001099872
A117690,0.120619172,0.001463461
A119500,0.184137873,0.00337539
A119610,0.229012741,-0.000784486
A119850,0.168268666,0.00358172
A119860,0.504270552,0.008357316
A120110,0.277217698,-0.00059343
A121440,0.294523972,-0.00020028
A121800,0.499503952,0.00174748
A122090,0.138992526,0.003078743
A122350,0.20369086,0.001789621
A122900,0.281249879,-0.002724731
A123320,0.212304761,0.005002464
A123330,0.518013355,-0.005071986
A123570,0.281128751,0.006567338
A123690,0.225480885,0.003347477
A123700,0.344265523,-0.001649381
A123780,,
A123890,0.314722075,0
A124560,0.17470697,-0.087542088
A125210,0.179016621,0.098039216
A126600,0.365309207,-0.001240455
A126700,0.27445505,0.003787718
A127710,0.40811333,0.001310685
A128540,0.182736057,-0.074626866
A129260,0.211150699,0.002562397
A131030,0.216879434,0.001125811
A131180,0.186989655,-0.001182771
A131400,0.326461231,0.008545291
A133750,0.26517039,0.004977525
A136490,0.227315777,0.000500288
A138520,0.153612802,0.003145877
A138580,0.213352918,-0.085603113
A139260,0.212254144,0.004518727
A139290,0.099598152,0.000879795
A140410,0.726527392,0.010895785
A142280,0.283697482,0.004828552
A142760,0.395675044,0.003619656
A143210,0.176678101,-0.069241012
A143540,0.674303339,0.001750598
A145020,0.227873533,0.006022394
A145990,0.308012754,-0.000858794
A147760,0.372355053,0.105563481
A147970,0.107209062,0.000368265
A148250,0.368191159,0.006891556
A152330,,
A153490,0.246638364,0.002256724
A154040,0.348528329,-0.000447891
A156100,0.569231395,0.006648831
A158310,0.674848072,-0.004010122
A159580,0.233808272,0.003443588
A160550,0.410378184,0.001838345
A161510,0.112646479,0.001255772
A163290,,
A163560,0.256585763,0.001769243
A164060,0.067890477,0.069078947
A168580,0.147646573,0.001910871
A169140,,
A171120,0.2894222,-0.000226107
A174350,0.097774941,0.000300008
A174900,0.269513261,-0.145283019
A175140,0.361447608,0.000772395
A176440,0.532587855,-0.131782946
A177350,0.299801557,0.00155668
A177830,0.239282069,0.005073574
A177850,,
A178920,0.419995698,0.006697014
A179090,,
A180400,0.470188377,0.005503267
A18064K,0.712913985,0.017257863
A183300,0.215127264,-0.177927928
A187660,,
A187790,0.405171414,-0.000631374
A189400,0.117948892,0.002230741
A189690,0.138988288,0.002316026
A189860,0.18604754,0.002951993
A189980,0.5019518,-0.002709262
A190650,0.205485705,0.055319149
A191410,0.374350398,-0.000746962
A191420,0.404434116,0.007194556
A192440,0.175669146,0.002223466
A192820,0.220878155,-0.000542521
A194370,0.351555425,0.020519836
A194480,0.473611192,-0.000805643
A194610,,
A195870,0.165939278,-0.023972603
A195970,0.092617796,0.001592471
A195980,0.120645643,0.002331529
A198440,0.226406435,0.004827803
A200020,,
A200040,,
A200710,0.63202406,0.010494933
A200780,0.194183978,0.001032537
A200880,0.486519537,-0.000121213
A204270,0.140685083,-0.229787234
A204450,0.204669415,0.002287275
A204480,0.214045238,0.002889155
A204630,0.49559518,0.004371556
A205500,0.651770153,-0.001349422
A205720,0.16608493,-0.00173337
A206400,0.444945902,0.003404511
A208350,0.277777091,-0.00088454
A208640,0.632264332,0.003371594
A210160,,
A212560,0.237146143,0.00120181
A213610,0.133602593,0.00251694
A214320,0.129648566,0.000398471
A215090,0.508126916,0.001022856
A215790,0.491823342,-0.000733984
A216080,0.374765319,0.037861915
A217620,0.248085493,0.002939676
A217790,0.10105966,0.000529984
A218150,0.218572009,0.003376619
A220130,0.138213996,0.000384873
A222080,0.569087831,0.008553247
A222420,0.287112214,0.004028155
A222810,0.882970413,0.004549661
A223250,0.132310654,-0.150819672
A224060,0.606552286,0.004418952
A224110,0.407741046,0.006373271
A225430,0.237339539,0.004819864
A226360,0.247460348,0.004642602
A226490,0.103101664,0.002196028
A227100,0.249604942,-0.142857143
A228340,0.401267227,0.025987526
A228760,0.576163434,0.104322767
A228850,0.210210758,-0.03803132
A228980,,
A230980,0.248056868,-0.004910714
A232140,0.366748066,0.007235185
A234340,0.189176386,-0.074612403
A234760,,
A234920,0.333725152,-0.073732719
A236200,0.191130663,-0.164583333
A236460,,
A238670,0.023996101,-0.0005113
A239280,,
A241710,0.397539447,-0.0192
A241770,0.487820629,0.083756345
A241820,0.570191499,0.021201413
A242040,0.278546698,0.005200946
A24251Q,,
A243880,0.300469205,0.011122346
A244460,0.205352343,-0.175403226
A244660,0.101854728,-0.027062374
A244670,0.15472359,-0.030261493
A244820,,
A245360,0.079924006,0.00454848
A245620,0.442723281,-0.120245399
A246720,0.505892492,-0.148624203
A247800,,
A249680,,
A250990,,
A251350,0.123871131,-0.008906482
A251630,0.351757035,0.450738916
A252410,0.10779466,-0.023039216
A252500,0.384969244,0.007537688
A252670,0.229953987,0.00610998
A252730,0.093026463,0.017964072
A253590,0.327425059,0
A253840,0.74677779,0.541062802
A254650,,
A255220,0.327801707,0.091456736
A255440,0.25433757,0.020942408
A256840,0.298170703,0
A256940,0.76706664,-0.146757679
A257730,,
A258340,,
A258790,0.210617053,0.00514668
A258890,,
A259630,0.215424215,-0.116257612
A260200,,
A261780,,
A261920,0.107004972,0.068724149
A263050,0.252727841,0.163218391
A263600,0.233789561,-0.107594937
A263700,0.440340774,-0.107824952
A263770,0.489085652,-0.014705882
A263810,0.321433616,-0.121776226
A264450,0.274437882,-0.020429844
A265690,0.149340455,0.002696078
A265740,0.050055771,-0.064308682
A266360,0.213472951,0.013918094
A266370,0.1340436,-0.001013993
A266410,0.118104885,0.010375343
A266420,0.221999991,0.033212501
A266930,,
A268280,0.170148275,-0.224581006
A269370,0.085165447,0.017499727
A270870,0.246619522,-0.048387097
A271050,0.210075094,0.039362473
A272110,0.23904447,-0.174496644
A272210,0.213259845,-0.110655738
A272220,0.099776941,0.012218495
A272560,0.019579231,-0.000146255
A275280,0.121114284,0.015069319
A276040,,
A276650,0.181321627,0.00906801
A277480,,
A277630,0.091323669,-0.006987682
A277640,0.093426608,-0.001767113
A278420,0.105819723,-0.026739107
A278470,,
A278530,0.096847864,-0.030693069
A279410,,
A279530,0.097711997,0.01042484
A280920,0.119214994,0.004513962
A280930,0.094750421,0
A281630,,
A282690,0.118931014,-0.103585657
A283580,0.144924566,0.018537074
A283970,,
A284980,0.153868835,0.029722452
A285000,0.132988737,0.00679803
A285020,0.200299145,0.020342612
A285130,0.886363148,0.102325581
A286940,0.149697024,0.04137931
A288330,0.179341657,0.058940397
A289190,,
A289260,0.099597722,0.019257868
A290380,0.298150979,0.318548387
A290510,0.259250939,-0.131252449
A290550,0.326081643,0.336492891
A290720,0.186223293,-0.144615385
A291210,,
A291620,0.169688442,0.096192385
A292140,,
A292190,0.102152866,-0.01429886
A293490,0.09432662,-0.218249075
A293580,0.198934497,-0.154887218
A293780,0.280322648,-0.092511013
A294140,0.168058988,-0.125
A294570,,
A295860,,
A297890,0.089858941,-0.017241379
A298020,0.177474732,-0.15959596
A298130,,
A298540,0.086383631,0.164383562
A299030,0.328550289,-0.164082687
A29922L,,
A300310,,
A300500,,
A303030,0.172076457,0.016561514
A304940,0.192976495,-0.02669303
A305080,0.083826354,0.007960199
A306130,,
A306200,0.212159026,-0.08630137
A306520,0.118341307,-0.001698947
A306530,0.265721399,-0.006972112
A306920,,
A307070,,
A307180,0.219927223,0.002331002
A307620,,
A308100,0.141159076,-0.062295082
A308620,0.070666929,0.013426156
A310200,0.205014823,0.017199017
A310870,0.027441897,0.002493766
A311690,0.240386593,0.006485084
A314130,0.257011038,0.512195122
A31508K,,
A315270,0.205713065,-0.015058179
A315960,0.108375174,0.020417854
A316300,0.070435822,0.012218964
A316840,,
A317850,0.263084856,-0.165876777
A317870,0.170316442,-0.274615385
A318140,,
A318410,0.049298055,-0.018648019
A318590,,
A319810,,
A321410,0.054224581,0.00691358
A322120,0.124934282,-0.015838559
A322310,,
A323410,,
A323940,0.012986516,-0.025404157
A328130,,
A329660,0.036484976,0.001964637
A330350,0.090897327,-0.289244186
A330990,0.007167285,-0.00968523
A331380,0.006668832,-0.00486618
A331520,0.009326641,0.00248139
A332370,0.101205988,-0.027027027
A332760,,
A333430,0.009848485,0
A334970,,
A33626K,0.629847751,0.110584124
A336570,0.011097659,-0.002487562
A338220,,
A340570,0.073010145,-0.05
A341160,0.011442006,0.002493766
A34534K,,
A34695K,,
A347700,,
A350990,,
A352480,,
A352540,0.023071421,0.046774194
A352770,0.065511118,-0.034210526
A35286N,,
A353070,0.008431771,-0.0025
A353490,0.039099549,0.004975124
A355410,,
A356890,,
A35732K,,
A361390,,
A361580,0.082850809,0.020208605
A361610,,
A363250,,
A363580,0.105246105,0.02289282
A364460,,
A365040,0.076816591,0.025285077
A366330,,
A367340,0.003099965,0.005012531
A367800,,
A371450,0.019851142,0.076124567
A372330,0.006171316,-0.003422983
A373200,,
A373790,0,
A375270,,
A375760,,
A376190,,
A379660,,
A379780,,
A380170,,
A381570,,
A383800,,
A385510,,
A385590,,
A385660,,
A385710,,
A385720,,
A000040,0.661929494,-0.004485303
A000070,0.332881303,-0.002076407
A000075,0.199403077,-0.00107457
A000120,0.138341362,6.18569E-05
A000155,0.186898632,0.000874749
A000240,0.196717694,0.000194781
A000270,0.178719257,0.001964227
A000320,0.243116451,-0.002005872
A000480,0.066247648,0.000290826
A000520,0.487323925,0.007485337
A000650,0.159951735,0.001585116
A000810,0.151656536,-0.001089181
A000860,0.287201011,-0.001399322
A000880,0.244005707,0.000189693
A000885,0.417845203,0.010309144
A00088K,0.166996547,-0.020997375
A000910,0.273386607,0.004957005
A000950,0.391020356,-0.000100531
A000995,0.544809176,0.011114454
A00104K,0.109386542,-0.064102564
A001065,0.431409061,0.005074143
A001067,0.334766371,0.003695612
A001080,0.114793168,0.000968239
A001120,0.336523386,0.000375106
A001130,0.112676084,0.00056919
A001230,0.305170523,0.003713461
A001360,0.282867568,0.002120607
A001380,0.424516945,0.003962246
A001420,0.193430347,0.003679347
A001515,0.435410456,0.012658598
A001529,0.148746889,0.002319971
A001530,0.226242179,0.004985737
A001540,0.212667262,0.000257377
A001550,0.332239104,0.006084717
A001570,0.336810991,0.007804044
A001680,0.120069869,-7.68036E-05
A001685,0.110360701,0.001259912
A001770,0.160515417,0.002817266
A001880,0.226449421,0.004191202
A002000,,
A002020,0.484014763,-0.002802956
A002150,0.321078528,0.004898584
A002200,0.116049188,0.001325002
A002210,0.622236664,0.008537221
A002240,0.284214074,-0.001604751
A002320,0.255371636,0.00314886
A002690,0.217370075,0.000679117
A002720,0.37981483,0.007202496
A002785,0.295335352,0.007487649
A002795,0.42242146,-0.004004262
A00279K,0.178328547,0.009259259
A003000,0.303787378,0.004555955
A003060,0.42742083,-0.000401197
A003160,0.190473252,0.000976238
A003380,0.331634242,-0.041994751
A003410,0.274790314,0.003742495
A003460,0.133225269,-0.000776246
A003540,0.134052755,0.001368584
A003545,0.103606202,0.001727948
A003620,0.382978063,-0.002135365
A003925,0.228754186,-0.001408926
A004000,0.253668627,0.002659415
A004050,,
A004090,0.213823031,0.002290119
A004105,0.178107857,0.000846587
A004170,0.238030961,0.001578287
A004310,0.163979194,0.004911779
A004450,0.088960949,1.88822E-05
A004690,0.148424735,-0.00017986
A004800,0.162625146,0.001841389
A004835,0.65499207,0.011517908
A004960,0.167892888,0.00064491
A004990,0.34819528,-0.002060355
A005010,0.263278312,-0.001574956
A005090,0.386196214,-0.001841508
A005250,0.252815106,0.001311813
A005360,0.311394685,0.003915168
A005380,0.151476942,0.002484095
A005385,0.165604912,0.000626926
A005710,0.171067854,0.000622231
A005725,0.207642255,2.63893E-05
A005820,0.155456026,0.000917667
A005830,0.180191147,-0.00088393
A005850,0.175227379,0.002256911
A005880,0.236593102,0.004406977
A005930,0.231615954,0.005500664
A005945,0.128817179,0.001619839
A006110,0.312579272,0.006960357
A006345,0.225198409,0.003633782
A006490,0.727351401,0.00723815
A006730,0.249593842,-0.001065372
A006890,0.333143381,0.005221449
A007070,0.173885781,-0.0010635
A007120,0.627812434,-0.003732329
A007210,0.518156762,-0.002275631
A007280,0.37262058,0.006208854
A007310,0.205790348,-0.002424909
A007390,0.746392582,0.011500446
A007530,0.402021986,0.004475014
A007570,0.377857284,0.002604925
A007610,0.30402009,0.004009669
A007630,0.98613724,0.009367631
A007660,0.176191719,0.001857165
A007720,0.361228119,0.003138459
A007815,0.260638597,0.00310668
A007980,0.267757734,-0.000783749
A008930,0.409710187,0.000493734
A009160,0.293746693,-0.00185836
A009300,0.162435679,0.001987065
A009310,0.338742234,0.00282439
A009680,0.138426717,0.002086529
A009810,0.301117894,0.000926074
A010100,0.221359443,0.003771054
A010130,0.099232395,0.000140189
A010140,0.202538745,0.001606086
A010170,0.477060771,0.007775078
A010240,0.292473163,0.007600303
A010640,0.219090591,0.003659623
A011080,0.506385045,0.002159522
A011160,,
A011200,0.538726686,0.001791774
A011300,0.301528404,-0.002266817
A011700,0.341900479,-4.88604E-05
A011785,0.193090075,0.003162536
A012450,0.279949599,0.001267611
A013120,0.11775167,0.001479754
A013360,0.261661064,0.00308831
A013570,0.186537714,-0.000104017
A014130,0.38836976,0.000431572
A014200,0.45596201,0.004874016
A014280,0.362890395,0.0006473
A014620,0.181611079,0.00102978
A014680,0.291556986,0.005256901
A014790,0.246904707,0.002941578
A015260,0.760834868,-0.003360196
A015760,0.343130217,-0.001505212
A015860,0.366922475,0.000277552
A016100,0.559244989,-0.005319672
A016170,,
A016590,0.446923317,0.005332061
A016610,0.130351423,0.001724538
A016670,0.338658437,-0.000170347
A016740,0.155233104,-0.117461652
A017040,0.216471907,0.002030076
A017390,0.103531342,-0.0003122
A017510,0.356375071,0.004987117
A017650,0.215186279,0.005658773
A018290,0.350640732,0.004912057
A018500,0.60115743,-0.002680947
A019170,1.86981343,0.01947628
A019210,0.350015141,-0.001035243
A019540,0.379052746,-0.000387391
A019550,0.336358534,0.006979479
A019770,0.426088501,0.007334882
A019990,0.278450183,0.003497677
A020760,0.354508494,0.004255319
A021045,0.232867713,0.002942245
A021080,0.331924168,0.005005513
A021880,0.374983673,0.001657761
A023160,0.20701276,0.000530823
A023450,0.238620176,0.005467425
A023590,0.115353982,0.001393289
A023890,,
A023910,0.179572898,0.001884226
A024720,0.308611793,-0.001010764
A024810,0.447626658,0.000480612
A024910,0.430951663,0.001003496
A024950,0.433185515,-0.000685162
A025550,0.171300138,0.0013705
A025770,0.162290516,0.000109095
A025820,0.200245395,0.003390147
A025870,0.250886651,0.005177855
A025890,0.298796319,-0.001171917
A025950,0.480689629,0.011921666
A026150,0.283447317,0.008117764
A026910,0.186239372,0.001972629
A026960,0.229578144,0.000926334
A027710,0.158058192,0.001030488
A027970,0.213341947,0.002410498
A028040,,
A028080,0.346984836,-0.001169422
A028100,0.304806055,0.005135906
A028150,,
A028260,0.148393289,0.000784254
A029480,0.483111032,-0.002604195
A029780,0.130834212,0.001124281
A029960,0.471210724,0.006497589
A030000,0.16280604,0.000874591
A030190,0.367746636,0.005111463
A030270,,
A030520,0.206330417,0.001010421
A030610,0.137462856,0.000554535
A031310,0.194276338,0.00379521
A031390,0.217692965,0.002082556
A031430,0.485047191,0.003846118
A032190,0.183220601,0.001307314
A032750,0.181340142,0.002044026
A032790,0.605210221,0.003468241
A032820,0.433997,0.007203686
A032960,0.092521044,0.001076456
A033130,0.304005237,-2.85551E-05
A033230,0.250561491,0.000692802
A033500,0.250072654,0.005977028
A033540,0.273180578,0.007119083
A033640,0.600589867,0.009946099
A034020,0.47050162,0.003075756
A034230,0.180097654,0.001702731
A034730,0.137060699,0.001222437
A035250,0.189830985,-0.001167221
A035290,0.443119557,-0.002513408
A036010,0.236774889,0.004046908
A036180,0.482501439,-0.002415191
A036190,0.145865237,-0.000152925
A036460,0.225092267,0.000422693
A036480,0.22869263,0.004841459
A036490,0.205305538,0.005692336
A036530,0.222169737,-0.001863938
A036560,0.093980262,0.00052282
A036570,0.396139428,0.006601819
A036580,0.368791126,-0.002824457
A036620,0.441934749,-6.55356E-05
A036630,0.423564932,-0.001823261
A036640,0.21113783,0.003208903
A036890,0.241437369,0.005382738
A036930,0.290665258,0.002017004
A037270,0.471787021,0.005983795
A037370,0.192001564,0.002405676
A037400,0.388228647,-0.000416723
A037440,0.13598572,0.001082208
A037460,0.237905009,0.006647682
A037710,0.199363798,-0.001713272
A037760,0.15995101,0.002261499
A037950,0.197588705,0.001860536
A038010,0.204786465,0.005093815
A038340,0.269614709,-0.001535309
A038430,,
A038680,0.190782661,0.00210521
A038880,0.240784685,0.002480238
A039230,0.666691676,-0.003043344
A039240,0.111542628,0.000969361
A039290,0.220147515,0.004414818
A039420,0.221298305,0.002073368
A039490,0.199165187,0.004381209
A039670,0.553168703,0.000965362
A039840,0.201167856,0.001023969
A040160,0.23958488,-0.000486952
A041020,0.490220655,0.000537874
A041460,0.28259731,0.001953499
A041520,0.381489208,0.002402932
A041910,0.387751488,0.000868394
A041930,0.294190152,0.004811696
A042700,0.272751396,0.006938298
A043340,0.223889254,0.004550165
A043580,,
A043650,0.272273148,-0.000356143
A043710,0.69645714,0.000741932
A044060,0.258842521,0.007467196
A044480,0.382132205,0.005936757
A044490,0.399274665,0.002915151
A044780,0.167045007,0.00152624
A045060,0.230371532,0.00489411
A045520,0.561055972,0.009953541
A045660,0.702815536,0.01166989
A045890,0.457969925,-0.00017712
A045970,0.221305013,0.00218224
A047040,0.229487387,0.001404999
A047560,0.209307213,1.12393E-05
A048870,0.707958247,0.028968739
A049120,0.532297584,0.00893743
A049720,0.282156131,0.003098534
A049770,0.185722386,-0.001790509
A050320,1.043039282,0.001378178
A050860,0.158348775,0.00242266
A050890,0.473313971,0.005979338
A050960,0.231347781,0.073891626
A051160,0.844299647,0.012779688
A051600,0.352550691,-0.003341199
A051905,0.145453969,0.00192033
A051915,0.246940894,0.003801008
A052260,0.228079681,0.001478161
A052290,,
A052420,0.564033944,0.004480037
A052670,0.309732752,0.005167591
A052770,0.755978414,-0.004487201
A052790,0.305833723,-0.000670675
A053110,0.676282965,-0.005842778
A053160,0.264181932,0.007747991
A053270,0.141426232,0.000888438
A053450,0.398213102,-0.000683683
A053580,0.971156939,0.028206932
A053800,0.191429044,0.00228407
A053950,0.401499698,0.002266605
A054040,0.320061943,0.000819783
A054220,0.500300308,-0.002129756
A054300,0.353721656,-0.001330298
A054540,0.225822069,0.004355372
A054620,0.458347904,0.002103647
A054630,0.329882557,0.002672948
A056080,0.261654729,-0.000926423
A056730,0.448883105,-0.002364266
A057050,0.208437629,-0.000292514
A057540,0.177729132,0.001722247
A058110,1.070400428,0.010193007
A058470,0.410824939,0.0053045
A058860,0.257530126,-0.001186638
A059210,0.274082973,2.60766E-05
A060250,0.74371037,0.007126246
A060480,0.345319069,0.007234988
A060720,0.330563345,0.003975853
A060850,0.084762954,-0.062015504
A060980,0.25719944,-0.000966838
A062860,0.218914737,0.002130774
A063160,0.399474347,0.006590178
A064290,0.557456877,0.008828058
A064470,,
A064520,0.663788317,-0.006006472
A064760,0.355173016,0.007388709
A065270,,
A065440,0.266317664,0.002822755
A065510,0.260705748,-0.001494406
A065570,0.216730889,0.001076434
A065660,0.581109761,-0.001519757
A065950,0.323395016,0.005877881
A066130,0.199319398,0.004535722
A066430,0.693352708,0.002748048
A066575,0.218996656,0.004252625
A067010,0.351867892,0.005557671
A067030,,
A067310,0.220858346,0.00517102
A067390,0.391286458,-0.002516871
A067920,0.081706202,0.001580237
A068330,0.522778355,0.007859399
A068400,0.168934942,0.00214016
A068790,0.281737595,0.003742311
A069110,0.402954062,-0.003805638
A069140,0.168497679,0.003965279
A069620,0.336722994,0.005325238
A069660,0.121039663,0.002671993
A069730,0.426860574,0.004479185
A070300,0.176803041,0.000891011
A071090,0.295000391,0.003805468
A071200,0.16698692,0.000568238
A071280,0.346079792,0.006631268
A072470,0.330961886,1.10129E-05
A072770,0.166857284,0.002293234
A072870,0.14218488,0.000655286
A073110,0.363803496,0.004579736
A073570,0.338965776,0.001131229
A074430,0.247788771,0.006036037
A077360,0.202781594,0.00309044
A078140,0.24697932,0.002461212
A078340,0.198634954,0.002675698
A078520,0.403157461,-0.001444477
A078590,0.730581462,0.013973395
A078890,0.231578079,1.80216E-05
A079170,0.151219941,0.002570054
A079190,0.204484625,0.001814105
A079650,0.286240148,0.003149987
A079810,0.482557123,0.007539648
A079980,0.190925912,0.001856517
A080010,0.172818526,0.001720553
A080520,0.255512375,8.5137E-05
A081000,0.603519155,0.011410124
A081580,0.36336989,-0.001505667
A081970,,
A082210,0.207120563,0.005725553
A082660,0.648842038,-0.003896392
A083420,0.242352798,0.005297784
A083790,0.230416367,0.00551244
A084010,0.258256604,0.00261823
A084680,0.361327999,0.003937192
A084690,0.244885951,-0.001057376
A084990,0.429953121,0.000704854
A085620,0.166797634,0.000407281
A085660,0.303744574,0.004091942
A085670,0.266525645,0.004904674
A086280,0.162233995,0.001182306
A086520,0.433044316,0.007894754
A086960,0.236734091,-0.001052233
A087260,0.293851984,0.401269629
A087730,0.946969003,0.00186465
A088350,0.440427476,-0.002506321
A088800,0.829221697,0.010501728
A089470,0.301845422,-0.000261207
A089530,0.235053748,0.001826622
A089850,0.244625447,-0.000395899
A090080,0.267376551,0.001958137
A090150,0.233442725,0.004185088
A090355,0.187641147,0.003996531
A090410,0.158442742,0.003224295
A090460,0.44772815,0.010732058
A090710,0.41352144,0.006968427
A090730,,
A091340,0.246431433,0.003960679
A091700,0.201479111,0.001711051
A092070,0.258295368,0.003350509
A092230,0.135243197,0.001147599
A092300,0.150641676,0.003405403
A092460,0.286466377,0.002293428
A093190,0.154843558,-0.001663972
A093810,,
A094940,0.515761016,0.008465197
A095270,0.306188104,0.000221443
A095300,,
A095340,0.3421964,0.003393141
A095500,0.289738985,-0.000407618
A096240,0.178520525,0.004024098
A096690,0.607114889,-0.001190662
A096870,0.182100134,0.002129589
A099320,0.219310524,0.006799867
A099430,,
A099750,0.196208286,-0.17057903
A099830,,
A100090,0.587479597,0.011187829
A100660,0.292169957,0.005503806
A100700,0.176741148,0.002612873
A101060,0.199624031,-0.001867859
A101490,0.990480488,0.009183197
A101530,0.46061148,0.112048193
A102460,0.219124981,0.001511859
A102710,0.366276888,0.005755617
A102960,0.178123892,0.000716308
A103130,,
A104120,,
A104460,0.545995327,0.005129571
A104480,0.157488497,0.002915084
A104830,0.17057462,0.001734482
A105630,0.440890417,-0.002340403
A105780,0.135267926,0.00287208
A106080,0.60381709,-0.003428234
A106870,,
A107590,0.278330727,0.005412786
A108320,0.195934051,0.003510579
A108450,0.195402201,0.003623489
A108490,0.197943904,0.107142857
A108860,0.229275785,0.000104582
A109820,1.00681165,0.015894033
A112610,0.746234918,0.010508261
A113810,0.577580453,0.001557107
A114630,0.214166257,0.000418707
A115440,0.228611624,0.006416444
A115480,0.198593743,0.002265972
A115500,0.184291365,0.005408351
A115530,0.563738911,-0.001649762
A117680,0.187001058,0.000668323
A118990,0.318369714,-0.071817193
A120030,0.167674944,0.004220729
A120115,0.216999777,-4.58612E-05
A121890,0.526626879,-0.003285203
A122310,0.190957793,0.01184739
A122640,0.349806236,0.004529389
A122800,,
A122870,0.221350231,0.001915137
A123420,0.299286147,0.000924235
A126560,0.096500105,0.001475202
A127160,0.914839413,0.000705136
A128940,0.280336081,-0.000606056
A130680,0.253418031,-0.000915945
A130960,,
A131220,0.442323498,0.006334556
A131760,0.537340127,-0.00026909
A131970,0.746964651,0.012000456
A134380,0.199699421,0.002005172
A134580,0.28664666,0.001827168
A134780,,
A134790,0.420790784,0.008664544
A136540,0.168937458,0.003676508
A137310,,
A137400,0.565205389,0.008065256
A138530,0.131922628,0.002660491
A138540,0.102520929,0.002244007
A138690,0.297804188,-0.00173603
A138930,0.214248944,-0.000650685
A139130,0.232303122,-0.000534497
A139230,0.148214404,0.00201324
A140700,0.182017505,-0.000641337
A141020,0.900685714,-0.01020318
A143160,0.506474112,0.005814242
A143240,0.190811481,0.002082941
A143860,0.235736456,0.002941946
A144620,0.348579916,0.007508063
A148020,0.1209882,0.00268146
A149950,0.121091042,0.001840789
A150460,0.108401783,-0.00046393
A156000,,
A157490,0.272821577,0.003372326
A158430,0.214736304,0.072413793
A160600,0.521074201,-0.007117632
A161390,0.272989665,0.000594328
A161570,0.537393286,-0.001976955
A166090,0.242669691,-0.015673981
A166480,0.332061111,0.004852789
A169330,0.109563837,-0.192913386
A170030,0.334639535,0.00537156
A170350,,
A170790,0.369520786,0.00432716
A171010,0.330905711,0.007035977
A174880,0.416892885,-0.034985423
A175250,0.298830939,-0.17652027
A177900,,
A185490,0.384639454,0.0036313
A186630,,
A187220,0.248852579,-0.001080812
A187420,0.293190671,0.00467844
A192390,0.323673776,-0.001085918
A192400,0.218078721,-0.000686879
A192530,,
A192720,0.099563492,0.001348383
A196490,0.389872027,0.00261026
A197210,,
A200130,0.364602735,0.003177791
A200230,0.459974235,0.012683182
A200250,0.104137325,0.001538347
A201490,0.219214365,0.492096944
A203690,0.353055262,0.004403099
A203780,0.141057296,0.00164789
A203900,,
A204020,0.311876963,0.231441048
A206560,0.274900733,-0.000513947
A208140,0.223265743,0.006066124
A208710,0.24751057,0.000653276
A208860,0.273626027,0.215684068
A208870,,
A210540,0.416138265,0.004676326
A210780,0.08395926,0.001051101
A211270,0.128004399,0.027906977
A211900,0.081804151,0.000769218
A213090,0.144559685,-0.000580475
A214270,0.344731925,0.001897699
A214330,0.283976521,0.00249487
A214370,0.200305563,0.000491844
A214680,0.173762049,0.000684627
A215000,0.23184736,0.00023004
A217190,0.316901211,0.000966076
A217270,0.347148285,0.008409468
A217330,0.58157134,0.017985612
A217480,0.455366879,-0.090909091
A217730,0.332971374,0.000910552
A217780,0.16608865,-0.001716083
A217810,,
A218410,0.51357979,0.007736269
A219390,0.346094177,-0.001237323
A219750,0.241915073,0.00398541
A219960,,
A220260,0.368178182,0.011757859
A221610,0.370319304,-0.247787611
A221980,0.16806374,0.000210861
A222040,0.510532568,-0.001402575
A222800,0.361454856,0.007978748
A223190,0.116428875,0.002475101
A225040,0.243193524,0.005089191
A225050,0.15813273,0.002041211
A225060,0.213210256,0.004434238
A225130,0.224265124,0.003364858
A225190,0.221596653,0.023809524
A225220,0.792067597,0.008114576
A225530,0.335435494,0.007464799
A226320,0.508124469,-0.001494372
A226330,0.476827567,-0.056291391
A226350,,
A226590,,
A227840,0.340688747,-0.000993176
A228670,0.161399863,-0.105084746
A228800,0.112471329,0.00131697
A228990,,
A229000,0.203704361,0.002976529
A229720,0.132900285,0.002798639
A230360,0.680214241,-0.091383042
A232680,0.357851741,0.009624172
A233740,0.372411021,0.003925321
A234080,0.196997753,-0.173469388
A234300,0.444576535,-0.03716018
A234690,0.192979968,-0.025531915
A236810,,
A237880,0.354188353,-0.093867334
A238200,0.229153027,-0.043844857
A239340,0.544036836,0.007696254
A239620,,
A239660,0.025417509,0.000749738
A239970,,
A240540,,
A241180,0.13682188,0.011464134
A241560,0.12889159,-0.027855153
A241790,0.245279834,0.038404727
A244620,0.11883621,0.036882394
A244920,0.256739846,1.002753737
A245710,0.126326397,0.040642248
A246690,0.287287319,0.247983871
A246710,0.257991415,-0.152892562
A246780,,
A247780,,
A248070,,
A248170,0.169907143,-0.074782609
A248260,0.126560256,0.00302267
A248270,0.152787708,0.026593076
A252400,0.18783127,0.046402503
A253150,0.186489903,0.019093686
A253160,0.228838202,0.003861004
A253280,0.237380085,-0.04049904
A253450,0.160243931,-0.10724234
A254120,0.156801163,0
A255780,,
A256440,0.111915494,-0.01754386
A256630,0.197140516,-0.00990099
A256750,0.201822797,0.015686275
A258610,0.435204967,-0.064516129
A259210,,
A259290,,
A262830,,
A264660,0.205293157,-0.065395095
A264900,0.321133946,-0.139583333
A26490K,0.21174214,-0.167539267
A265520,0.281951665,0.244604317
A266140,,
A266160,0.080960649,0.005926251
A266530,,
A267250,0.201106051,-0.039525692
A267270,0.508776968,0.167368515
A267300,,
A267440,0.103481795,-0.008466135
A267450,0.110238004,0.009547739
A267770,0.182164056,0.036109774
A267790,0.3096134,0.145299145
A267850,0.235886042,-0.044176707
A268200,,
A269420,0.08202484,0.017901542
A270520,0.159705325,0.015247108
A271560,0.157006835,-0.015795869
A272290,0.218707822,0.032648232
A275750,0.175419527,0.010233918
A276000,0.078219787,-0.005985037
A276730,,
A276920,,
A276970,0.057744345,-0.002960039
A276980,,
A277290,,
A277310,,
A277490,,
A277650,0.115028144,-0.029450721
A277810,,
A277880,0.418089593,0.678095238
A278240,0.373656984,0.000486618
A278280,0.440969234,0.0951417
A278650,0.171129912,-0.059496568
A280320,0.156222665,0.001008065
A280470,,
A281990,0.098853175,0.025107104
A284620,0.311043921,0
A284990,0.144285143,0.001450477
A28513K,1.049566078,-0.080962801
A285490,0.590706396,0.404371585
A285820,,
A286340,,
A287330,0.094255292,0.012781497
A287410,0.049573074,0
A288620,0.363718297,-0.180332772
A289010,0.126144498,-0.137339056
A289220,,
A289250,0.102253869,0.036093173
A290650,0.778409201,-0.147722295
A290660,0.219208318,-0.143552311
A291130,0.139117377,-0.005384239
A291230,0.016429574,0
A291650,0.107099341,-0.13878327
A291680,0.049442005,-0.006750241
A292130,,
A292160,0.101822573,-0.011551272
A292750,0.101697259,-0.011614811
A293180,0.10011803,-0.012191872
A293990,,
A294630,0.146730613,-0.052631579
A294870,0.358985317,-0.162884518
A296710,,
A298000,0.171915207,0.090301003
A298040,0.375867915,0.077338129
A298050,0.194596382,0.01875
A298060,0.197574902,-0.053745928
A298690,0.264579885,-0.05583013
A298770,0.192580433,-0.017
A300080,0.313338976,0.210843373
A300640,0.170766039,-0.010245265
A300950,0.150382591,-0.014473136
A301300,0.083184232,0.363951473
A301440,0.11139427,0.005199667
A302430,0.205144291,-0.099022953
A304720,,
A304780,0.189775638,0.047233468
A305090,0.470885684,-0.180672269
A305720,0.22450257,0.016652961
A306620,0.174097841,0.002558854
A306960,,
A30703K,,
A307280,0.149456735,0.004618938
A307520,0.080906302,0.04093332
A307750,0.48954657,0.004830918
A307950,0.336719335,-0.084043849
A309190,,
A309230,0.10052859,-0.003012048
A309740,,
A310080,0.116651261,-0.005434783
A310960,0.111054773,0.022547914
A310970,0.115941895,0.016890214
A311320,,
A311390,0.170917525,-0.155709343
A313760,0.232114837,-0.355555556
A314250,0.312977897,0.028935753
A315480,0.206077368,-0.015793683
A315930,0.095411674,0.023410066
A318400,,
A319700,,
A322510,0.291098575,-0.111644658
A322590,,
A322780,0.061469112,-0.111028593
A323230,0.061336645,-0.426589356
A325010,0.168046818,0.007007708
A325840,,
A327260,0.126982349,0.04159132
A328370,0.116556478,-0.010643445
A32904L,,
A329670,0.047981862,0.002928258
A329750,0.032006137,0.010447761
A33129K,,
A331920,0.117875984,0.104651163
A332500,0.121931411,0.020744155
A332620,0.053050345,0.01650165
A333900,,
A335810,0,
A335890,0.071937027,-0.002724796
A336060,0.006005679,0
A33626L,0.410170771,2.674314992
A336370,0.307274342,1.949183303
A337280,,
A339610,,
A339770,0.076538733,-0.166383701
A339950,0.113969035,-0.002331002
A340350,0.00492438,-0.007481297
A340930,,
A341170,,
A343510,0.009142212,0.002469136
A344050,0.006713155,0.009925558
A344540,,
A347030,,
A347740,0.058884698,0.011928429
A348080,,
A348210,0.253729432,0.145251397
A348350,0.101490662,0.508515815
A351330,,
A353190,0.013308856,0.0025
A353200,0.133473898,-0.064646465
A353810,0.315404439,2.16112532
A354240,0.020192838,0.01425762
A354350,0.097473659,0.074035454
A355150,0.010558901,0.007481297
A357100,,
A357230,,
A357780,0.085877852,-0.162765957
A363260,,
A364690,0.076746919,0.027486257
A364980,0.114827196,-0.063337957
A365000,0.024073764,-0.055818354
A367760,0.051561888,0.085832472
A368590,0.021223117,-0.012993503
A368770,,
A370310,,
A371470,0.011806548,0.099294355
A371870,0.00898652,-0.007367387
A377030,,
A378850,,
A379800,,
A379810,,
A380320,,
A381170,,
A381180,,
A385600,,
A387280,,
A390350,,
A390390,,
A394340,,
A394660,,
A394670,,
A395160,,
A000030,,
A000060,0.201080779,0.000481963
A000100,0.177164808,0.002695863
A000157,0.179794577,0.003831997
A000215,0.167637232,0.004147546
A000225,0.314922313,0.004897986
A000300,0.210388163,-0.000202839
A000370,0.385873729,-0.000570336
A000490,0.179948982,0.000820036
A000500,0.145961729,0.001668112
A000540,0.314436907,0.000128685
A000660,0.308383525,0.006465775
A000680,0.163390989,0.000118192
A000725,0.604313293,0.011930764
A000760,0.148153378,0.000578417
A000850,0.19532569,-0.001378787
A000890,0.259557174,-0.000869888
A000990,0.365039164,0.006862207
A001040,0.33169757,-0.002572958
A001200,0.203507337,0.003719826
A001250,0.235631112,-0.000543007
A001260,0.396807545,0.003713259
A001440,0.514228977,0.001488696
A001500,0.111280019,0.001826475
A001560,0.069646009,0.000448099
A001630,0.241812617,0.001603639
A001725,0.067022343,0.000411271
A001795,0.074771474,0.001381057
A001820,0.568642954,0.009245574
A001840,0.366230815,0.007509802
A001940,0.101515256,0.001163325
A002100,0.427022305,0.006763285
A002140,0.372803622,0.009411704
A002220,0.169513833,0.001211742
A002270,0.291548331,-0.003045317
A002380,0.275952063,-0.001199452
A002620,0.475089345,0.002618479
A002630,0.579740707,-0.00035345
A002700,0.166717895,0.003713842
A002810,0.118555128,-0.000852079
A002820,0.402316223,-0.001723776
A002880,0.360541133,-0.001937814
A002920,0.20065654,-0.000956744
A002995,0.404274143,0.007477067
A003030,0.284661255,0.001383971
A003070,0.294027368,0.003794548
A003090,0.428614162,0.009307406
A003120,0.17887667,-0.000875415
A003200,0.247787324,-0.001708004
A003280,0.720100746,-0.005479106
A003300,0.286570496,0.000963635
A003310,0.272375469,0.006071662
A003415,,
A003450,,
A003465,0.083263012,-0.000179044
A003490,0.165271366,0.00258101
A003550,0.113194734,0.001754908
A003555,0.105055515,0.001942443
A003570,0.264470325,-0.002233161
A003690,0.188188603,-0.001419449
A003830,0.134667273,0.000760204
A003850,0.211304956,0.003612725
A004020,0.274674869,0.000807035
A004060,0.225973916,-7.62533E-05
A004100,0.291798454,0.001057408
A004135,,
A004140,0.150557687,0.002407471
A004250,0.287093734,-0.002817663
A004380,0.301248752,0.003285594
A004440,0.42569656,0.063241107
A004560,0.194252404,0.001396004
A004590,0.084800003,0.001325951
A004720,0.411336456,0.006737096
A004740,,
A004780,0.205770445,-0.000636531
A004870,0.526007591,0.001531446
A004970,0.166534598,-0.00164026
A004989,,
A00499K,0.149404786,-0.083961249
A005110,0.464977335,0.002641269
A005290,0.493408498,0.0104772
A005389,0.149356734,0.000654669
A005390,0.235059261,0.003891765
A005490,0.210798172,0.002882765
A005610,0.404661646,-0.003521943
A005745,0.201467032,0.002610731
A005935,0.257365289,0.005762559
A005940,0.177104527,0.001759703
A005980,,
A006125,0.560392929,0.006355281
A006200,0.151233775,0.001091247
A006380,0.39898017,0.003819927
A006400,0.48022309,0.008157685
A006570,0.170877356,0.000288126
A006660,0.21084032,-0.000775828
A006805,0.160699477,0.00049338
A006840,0.372934845,-0.001656421
A006920,0.211081463,0.002719931
A007160,0.284550277,-0.001868938
A007330,0.133391314,0.001482041
A007340,0.188712847,-0.00060981
A007370,0.244359226,0.005275971
A007460,0.848576334,0.006326401
A007575,0.754475219,0.00822126
A007680,0.163142178,-0.172932331
A00781K,0.162991331,0.002446278
A008060,0.170709398,0.000441293
A00806K,0.177947744,-0.019591702
A008250,0.23650788,0.002713028
A008490,0.221717292,0.001755591
A008560,0.165030329,0.001097533
A009070,0.157779714,0.002355294
A009180,0.225254254,0.0010066
A009270,0.212140456,0.001795564
A009275,0.331743934,0.005177494
A009420,0.355017192,0.007449298
A009440,0.280198277,-0.000372263
A009450,0.200002042,0.004274656
A009470,0.553685269,0.009525696
A009580,0.340557875,8.61932E-05
A009620,0.383879431,0.005907044
A009970,0.174979072,-0.001437456
A010050,0.141576132,0.001222508
A010280,0.285799047,0.003748163
A010580,0.334812225,-0.000233568
A010660,0.224773092,0.003046537
A010690,0.433504323,-0.000253782
A010950,0.216983892,0.000317828
A011000,0.744234299,0.009987208
A011040,0.176428433,0.002281823
A011210,0.351015863,-0.001148046
A011330,0.1570831,0.00061213
A011720,,
A011760,0.268586686,0.00039711
A011780,0.23180115,0.005607048
A011810,0.555405875,-0.002162618
A012160,0.273877038,-0.001271903
A012200,0.258730029,0.000999051
A012330,0.109221348,0.001302529
A012610,0.250892527,0.00510073
A012630,0.427594558,-0.002279308
A012690,0.257577291,0.005116141
A013030,0.23763025,-0.000843292
A013367,,
A013580,0.256300497,0.006287873
A013700,0.226455204,0.006200558
A013990,0.390389484,-0.002033561
A014100,0.380430042,-0.00362324
A014285,0.32061198,0.007335681
A014470,0.289849134,0.000562913
A014530,0.074396545,0.000967619
A014580,0.210303714,0.005319958
A014710,0.173472905,0.001028209
A014830,0.083205969,0.000944271
A014940,0.468200395,0.004428007
A015710,0.22075185,-0.000991855
A016380,0.52019562,-0.000929035
A016580,0.166847674,0.000433282
A016920,0.177082245,0.003875832
A017250,0.264657013,4.1001E-05
A017680,,
A017940,0.165391888,-0.000394267
A018000,0.608658036,0.008974028
A018470,0.375708463,-0.003861507
A018670,0.162991713,0.002600063
A018880,0.130172787,0.003023149
A019180,0.258905813,0.003801601
A019440,0.233721617,-0.00101527
A019590,0.20900716,0.00049013
A019680,0.237898744,-0.002485217
A020150,0.389008728,0.007614658
A020710,0.162456147,0.000465503
A021050,0.443102198,0.004648575
A021320,0.199236391,0.002679537
A021650,0.254439453,0.00296704
A022220,0.167105502,0.000394453
A023150,0.150962548,0.001791665
A023350,0.280313211,0.002579039
A023410,0.210958636,0.002089484
A023460,0.116417472,0.002590834
A023600,0.198214202,0.003394186
A023810,0.250212916,0.001136128
A023900,0.436784524,0.007393491
A023960,0.356578922,0.009154263
A024070,0.254421342,-0.001757576
A024110,0.199947744,-0.00045001
A024660,,
A024800,0.323913477,0.001505142
A024840,0.397717726,0.001003617
A024850,0.243119752,0.006707675
A025530,0.26314023,-0.001920357
A025540,0.308633595,-0.000365925
A026040,0.465064856,-0.002615264
A026890,0.564929225,0.00652162
A026940,0.244697855,0.004168332
A027040,0.230372758,0.001990114
A027360,0.502240689,-0.054901961
A027410,0.882567554,-0.006827972
A027740,0.178029792,0.001362653
A028050,0.21625834,0.002049719
A028300,0.662053953,0.011973919
A030200,0.103954042,-0.000281567
A030210,0.283998401,0.003274541
A030530,0.387301105,-0.000393723
A030960,0.220227035,0.003304387
A031860,0.746266137,0.004058187
A031980,0.434841912,0.002239327
A032080,0.29002066,0.000236205
A032540,0.201259657,-0.000407804
A032860,0.509940563,0.002237745
A033180,0.682210765,0.011479985
A033250,0.454350399,0.005514679
A033310,0.80714868,0.010289837
A033530,0.278359905,0.002341698
A033780,0.119950331,-0.000547654
A033920,0.484319931,-0.005206793
A034120,0.194476484,-3.92651E-05
A034220,0.316907551,0.000442389
A034300,0.240281705,-0.000408697
A034310,0.110011466,0.000511272
A034590,0.072601502,-0.000632325
A03473K,0.223148782,0.003305463
A034940,0.160552995,0.00229884
A035000,0.207618085,-0.000981552
A035420,0.295080724,0.003900559
A035720,0.557970433,0.005885981
A036090,0.278970069,0.003068139
A036120,0.525968591,0.012872821
A036690,0.22174607,0.002145082
A037070,0.420278717,0.006866238
A037230,0.35892544,0.00932418
A038060,0.309893852,0.001205235
A038290,0.182491839,0.000252682
A038390,0.107393637,0.000221954
A038460,0.312707033,0.002987043
A038500,0.162324264,0.002082508
A038540,0.540176762,0.005933312
A038620,0.240056531,0.001060221
A038870,0.47715742,0.001591442
A039030,0.241177414,0.002530446
A039130,0.318641294,-0.000780647
A039200,0.61157761,0.011479542
A039440,0.32772946,0.006776277
A039610,0.406624726,0.005350991
A039980,0.376881036,-0.001424139
A040610,0.349509105,-0.000540787
A040910,0.230160488,0.006312372
A041140,0.303273854,0.004872952
A041590,0.602666605,-0.005881732
A041650,0.352815523,-0.002098346
A041960,0.321783396,-0.000807318
A042000,0.864562003,0.021716907
A042040,0.507210235,0.010856786
A042110,0.234755827,0.001000632
A042500,0.209841328,0.004508965
A042940,0.239192893,0.003815401
A043090,0.340075841,-5.58003E-05
A043150,0.224230611,-0.001051043
A043200,0.239969138,0.001538989
A043290,,
A043360,0.259593946,-0.000114156
A044380,0.42575205,0.001539619
A044820,0.478486731,-0.003179641
A044960,0.253138387,0.005513765
A045100,0.168875636,0.003406887
A045510,0.229016143,0.001101844
A046070,0.22913572,-0.001507191
A046440,0.205555954,0.001428726
A046940,0.222686677,0.004601214
A047820,0.364830483,0.001320384
A048770,0.256289856,0.001502119
A048830,0.292873809,0.000254725
A048910,0.225775864,0.002350621
A049070,0.268574359,0.006291307
A049080,0.303352179,0.003138119
A049630,0.438944395,0.00236017
A049800,0.468762901,0.003645583
A049950,0.686108883,0.008915334
A049960,0.441767419,-0.002005784
A050760,0.493822853,0.008002503
A051390,0.084484793,0.001578488
A051630,0.313726403,0.007017916
A051780,0.553823025,-0.002309495
A052020,0.49760726,0.008418462
A052190,0.856781628,-0.00673068
A052220,0.232023669,0.001108415
A052270,,
A052330,0.186108164,-1.32616E-05
A052600,0.254246131,0.004927607
A052900,0.243529262,0.001422276
A052920,,
A053210,0.255042012,-0.00153676
A053260,0.147121903,-0.00028831
A053280,0.368528006,0.004047667
A053290,0.293799968,0.001853928
A053350,0.219472386,-4.26163E-05
A053590,0.503432686,0.001222895
A053660,0.611674335,-0.005790794
A053690,0.141932883,0.001144592
A054050,0.290371661,-0.002083099
A054090,0.17692209,0.002517298
A054180,0.40195563,0.004421678
A054210,0.274866059,0.00523552
A054800,0.106517519,-8.48978E-05
A054920,0.23139573,0.003901446
A055490,0.206470857,0.143451143
A055550,0.154923198,-5.04389E-05
A056700,0.325957094,0.004971381
A057030,0.469627355,0.009156694
A057500,,
A058220,0.526952004,0.00053931
A058430,0.291318093,0.001175143
A058530,0.833887481,-0.006542838
A058630,0.217409589,0.002744546
A058730,0.224670271,0.00248241
A058850,0.134050702,-0.000416173
A059090,0.648672623,0.010023281
A060150,0.165964701,0.003498531
A060230,0.208225015,0.002874418
A060310,0.195656112,0.002160227
A060380,0.126625188,0.001549261
A060590,0.332212522,-0.000111252
A060900,0.326718071,0.000100642
A061040,0.325599473,0.005481277
A061250,0.240741737,0.005074272
A062970,0.280934655,0.003592814
A063440,0.269510832,0.009374122
A064260,0.165267325,0.002715913
A064400,,
A064480,0.351752523,0.000780112
A064510,0.611143274,-0.159133358
A064800,0.507776574,0.000716794
A065350,0.262195875,0.006759698
A065530,0.476338786,0.007232361
A066110,0.783985896,0.000573333
A066310,0.438585369,0.007031374
A066360,0.192198015,-0.016666667
A066410,0.587381193,0.000266671
A066910,0.483709064,-0.001362268
A066970,0.467315344,0.010942575
A066980,0.267591731,-0.000781256
A067160,0.427943025,0.005568662
A067290,0.276710402,0.000644515
A067570,0.203710855,0.002731995
A067770,0.146652411,0.005017156
A067900,0.496335051,0.007226881
A068150,,
A068940,0.386053094,0.006619896
A069460,0.565481463,0.00952525
A069500,0.120478186,0.002661005
A069510,0.126050634,0.001192439
A069920,0.161780279,-0.000429549
A069960,0.229516668,-0.001461156
A071055,0.270809333,0.003890727
A071460,0.167952739,-0.068699102
A071670,0.249209996,0.007008967
A072130,0.178154787,0.001826399
A072950,0.121124303,0.001912636
A072990,0.219144993,-0.244439435
A073490,0.643129074,0.009516885
A074610,0.687878395,0.00752625
A075130,0.166092757,0.001236753
A075180,0.258669678,-0.000338873
A076610,0.391997622,-0.000990132
A078000,0.110089316,0.000243015
A078510,,
A078940,0.425944438,0.000626225
A079000,0.171332422,-0.001398819
A079950,0.32045019,0.001572224
A079970,0.491192834,7.86109E-05
A080160,0.321799274,0.001461655
A080470,0.287840757,0.005564523
A080580,0.675124026,0.007484045
A080720,0.179170343,-0.101321338
A081150,0.258787749,0.005970002
A082270,0.346096727,0.003606773
A083470,1.061332093,-0.003866215
A083650,0.398878719,0.003845096
A084110,0.371560665,-0.002366462
A084695,0.148562292,-5.11831E-05
A086040,0.406455967,0.006589538
A086450,0.336030544,0.004611055
A086980,0.343535376,-0.001299147
A088910,0.126563888,0.000221631
A089600,0.327349292,-0.000137011
A089790,0.430404551,0.008317926
A090435,0.422405996,-0.003612638
A090470,0.419336774,0.004529107
A090850,0.370134077,0.004452565
A091120,0.245468574,0.004270777
A091220,0.1692238,0.001532691
A091580,0.478467907,0.007296193
A092190,0.744917922,-0.140495868
A092200,0.49162159,0.000109857
A092220,0.30630832,0.007749234
A092600,0.395913604,0.003558253
A093230,0.5896277,-0.000792537
A093320,0.674415423,0.007824518
A093920,0.327522597,-0.000208556
A094280,0.297478249,0.003029569
A094860,0.599925844,0.008178291
A095700,0.403460414,0.006649432
A095720,0.512481185,-0.00288066
A095910,0.277408885,0.002294059
A096640,0.578946519,-0.001301423
A096770,0.17237606,0.003026183
A096775,0.19943166,0.004580671
A097520,0.46180432,0.005039322
A097780,0.2482489,0.008314123
A097955,0.225437847,-0.00040811
A099190,0.172411605,0.000417442
A099220,0.355083939,0.006968473
A099520,0.2310183,0.003212983
A100120,0.305055921,-3.65286E-05
A100220,0.312905521,0.0008673
A100250,0.140633139,-0.000241517
A100790,0.214620415,0.354219588
A100910,0.118764437,0.002580161
A101140,0.341219371,0.010740557
A101160,0.551067172,0.010972923
A101240,0.143183016,0.000673365
A101330,0.2189258,0.000995553
A101680,0.376965746,-0.003606512
A101730,0.438901178,-0.001681712
A102110,0.121059199,0.002686992
A102280,0.39682774,-0.00197087
A102780,0.157928733,0.003169034
A102940,0.499715037,-9.92141E-05
A104620,0.31326483,-0.020547945
A104700,0.237053117,0.00062258
A105010,0.160638381,0.002222418
A105550,0.38082127,-0.00011313
A105740,0.327265585,0.006945049
A108790,,
A109070,0.813707945,-0.004884724
A109610,0.645059105,0.009465799
A109860,0.120124719,0.001370501
A110790,0.130492417,-0.020408163
A111110,0.287682089,-0.032064128
A114190,0.245794727,0.002652151
A114570,0.856272034,-0.014765279
A114810,0.45262711,-0.000195437
A115160,0.425888013,-0.00195669
A115180,0.296010518,-0.072110286
A115310,0.139236185,-0.00078112
A117460,0.15609629,0.002826031
A117580,0.093270594,-0.000244374
A117730,0.208541816,-0.132348367
A117930,,
A118000,0.663602382,0.005479456
A120240,0.370500959,0.006678619
A121600,0.349364984,0.00550214
A122230,,
A122450,0.626338245,0.007593725
A122990,0.126782713,0.002434734
A123260,,
A123410,0.271857661,0.00135709
A124500,0.201799494,0.001937633
A126880,0.307270541,0.005773689
A128660,0.102254356,0.002012146
A129890,0.069556425,0.081260365
A130580,0.220471821,0.00333728
A130660,0.19198393,0.000718849
A131090,0.317202973,0.006130527
A131370,0.940043784,0.011193574
A133820,0.176888854,0.004083491
A134660,,
A136510,0.225433807,0.003938368
A137940,0.389401251,0.001036468
A138040,0.158383819,-9.52437E-05
A138080,0.82638312,0.010618547
A138490,0.249099548,-0.000238681
A138610,0.590574807,0.010226304
A139240,0.187311411,0.000874244
A140070,0.248180818,-0.132543103
A140570,0.102506984,0.002236126
A141000,0.417233754,-0.000787739
A141280,,
A142210,0.21505805,-0.092333692
A144510,0.339418136,-0.2136
A145210,0.239983674,-0.003475511
A145670,0.123270282,-0.002274027
A145720,0.299562288,-0.098382749
A145940,,
A148140,0.339759522,-0.031898155
A148150,0.212605928,0.055393586
A149980,0.335225129,-0.000146865
A150900,0.274120489,0.003185082
A151860,0.158032939,0.005009149
A151910,0.606587412,0.005689444
A152500,0.210089249,0.004924986
A153270,0.126074888,0.002796829
A153710,0.42971837,0
A155650,0.45120086,0.011035368
A156080,0.135127843,0.002974979
A160980,0.272839078,0.006514897
A161580,0.269850928,0.069397993
A163730,,
A168330,0.603098761,-0.004089251
A170190,,
A173940,0.337142969,-0.002702746
A175330,0.094817031,0.000687743
A179290,0.20648401,-0.187229437
A181710,0.152227061,0.002549006
A182690,0.35372668,0.004509046
A183190,0.289218821,0.000990574
A185680,0.224040297,0.003693127
A185750,0.258709894,0.003924383
A189330,0.779846892,0.02780032
A190510,0.401611273,0.001640006
A191390,,
A192080,0.224285994,0.00211094
A192090,0.148855098,0.001989843
A192250,0.277752726,0.000109261
A192650,0.386614988,0.03418212
A194530,,
A195440,,
A195500,0.230182468,-0.136579572
A195920,0.09525371,0.001167835
A195990,0.519171362,0.006245173
A196220,,
A196300,0.345982224,0.212598425
A196450,0.536957255,-0.002186148
A196700,0.259483365,9.34732E-05
A197140,0.337007181,0.008359686
A198080,0.139441745,0.149446494
A199820,0.070530352,-0.176265271
A200670,0.273469046,-0.001483422
A201400,,
A203650,0.385276593,0.007218637
A204320,0.263667423,0.004285325
A204420,,
A204990,,
A205470,0.961597523,0.011974377
A206650,0.620617269,0.046486718
A207940,0.426322172,0.040247678
A208370,0.57051618,-0.002088931
A208470,0.131499731,0.002439608
A213500,0.176458044,-0.000457747
A214150,0.588265622,0.00862006
A214240,,
A214390,0.238614322,0.001689563
A214430,0.151728349,-4.73865E-05
A214870,0.588188867,0.009622103
A215200,0.555556448,0.006349619
A215360,0.236445411,0.001904236
A215600,0.785224588,0.155462185
A217600,0.376897697,0.006298565
A217770,0.228597426,-0.000707806
A217820,0.313443724,0.004173631
A218420,0.18989979,-0.000944277
A219420,0.463765241,-0.017916667
A219900,0.202707463,0.002559716
A220100,0.356781711,0.006552553
A221840,0.337169967,-0.002444229
A222390,,
A222980,0.269891371,0.001668347
A223310,0.722585867,-0.004424562
A225030,0.194793798,-0.002876406
A225570,0.265189293,0.002601138
A225650,,
A226250,,
A226340,0.290501433,0.002074009
A226440,0.235022485,0.002682363
A226950,0.333528893,-0.109664529
A226980,0.110598209,0.000547214
A227560,0.107301356,-0.000293738
A227570,0.121388183,0.000825737
A227610,0.506793391,0.058193071
A227830,0.103911267,0.002197885
A227950,0.385678901,0.007332402
A228810,0.145152383,0.000172691
A228820,0.135741447,0.002855955
A229200,0.175831127,0.002060938
A230240,0.546359175,0.0060558
A234310,0.08646841,-0.042608605
A234820,,
A235980,0.557190391,0.217142857
A237750,0.242498771,-0.013319672
A237820,0.240384317,-0.366197183
A238090,0.315877677,0.006840905
A238820,,
A239610,0.448613535,-0.40706386
A240180,,
A240810,0.200882814,0.08913649
A241520,0.294013498,-0.007915567
A241690,0.326741382,-0.090470446
A241840,0.496530821,0.175438596
A243070,0.273319992,0.007760493
A245340,0.156914392,0.008457763
A246960,0.291455095,-0.036175711
A247660,,
A250000,0.308219402,-0.010928962
A250060,0.290999697,-0.002493766
A250730,0.079632922,0.00528592
A251270,0.223913227,-0.114197531
A251370,0.278855112,0.003129695
A251890,0.13205794,-0.010681587
A251970,0.13959703,-0.064744156
A252420,0.230032239,0.005099439
A253240,0.107734458,-0.02592955
A253250,0.186848976,0.052907281
A253990,,
A256150,0.183940962,0.008426966
A256970,,
A260930,0.411394028,-0.077173913
A261060,0.128769929,-0.009285579
A261070,0.247232562,-0.032608696
A262100,,
A263190,,
A263690,0.426403756,-0.049612403
A263800,0.362168595,0.241176471
A263920,0.689036498,0.031128405
A264290,,
A265560,0.30905255,-0.220973783
A267490,0.199989331,-0.017343905
A267500,0.220159105,0.019211325
A268600,0.704582,-0.163763066
A269540,0.103813977,0.018829517
A270530,,
A270730,,
A270810,0.165623953,0.008946522
A271060,0.101464403,-0.025490196
A271830,,
A272230,0.087933553,0.014524648
A272450,0.375202898,-0.058957266
A272550,0.115062172,-0.073913043
A272850,,
A273130,0.040908135,-0.003907424
A274090,0.147196102,-0.421301775
A275290,0.087641466,0.006926496
A275980,0.128173452,-0.020377734
A276960,,
A276990,0.11536926,-0.008946322
A277070,0.264309131,-0.253378378
A278540,0.100215845,-0.002522704
A27863K,,
A279600,0.262873079,0.017989418
A280360,0.18177061,0
A280940,0.140504532,0.002015113
A281820,0.224703869,0.047826087
A282330,0.172462841,0.219072165
A283770,,
A283930,,
A284430,0.074699534,0.003874092
A285010,0.151071073,0.038182642
A285240,,
A285880,,
A286750,0.323991784,-0.127906977
A287180,0.204156888,0.006474104
A289080,0.481209775,-0.113428944
A290120,0.258594816,0.181357649
A290130,0.107818129,0.014489775
A290690,0.135882058,-0.015384615
A290740,0.209949022,-0.042160009
A291630,0.338041315,-0.175851703
A292100,,
A292150,0.145013961,-0.01878801
A293480,0.074258485,-0.176935229
A294090,0.306263098,-0.014705882
A298210,,
A299170,0.223472453,0.016543317
A299660,0.34889275,-0.060165975
A299760,,
A300120,0.163966274,-0.003215434
A300280,,
A300290,,
A300300,,
A301400,0.145000211,0.00216341
A302110,,
A302440,,
A302450,0.097467907,-0.000636103
A303530,,
A304100,0.069993065,-0.005154639
A305540,0.229999381,0.006019794
A306040,0.135026811,0.07227696
A307020,,
A307160,,
A307510,0.30768461,0.000489045
A307930,0.226252147,0.283842795
A308170,0.233550144,-0.212827988
A309930,0.070030848,0.002413127
A311270,,
A312610,0.157363381,-0.082089552
A314700,0.116626017,0
A314930,,
A316140,0.204188323,-0.051118211
A317030,0.019484125,0.007518797
A317120,0.181052365,0.078539823
A317320,0.226882601,1.259887006
A317330,0.151644789,0.086538462
A317690,0.077892604,0.048319328
A317770,0.160102325,-0.181318681
A318020,0.087261538,1.146953405
A319660,0.303659192,-0.111405836
A320000,0.188179398,0.009569378
A322150,0.120594256,-0.023010644
A323210,0.032985922,0.145539906
A323990,0.808478504,0.005565863
A325020,0.094903527,0.011555278
A326030,0.076033106,0.245454545
A326230,0.076423462,-0.01595315
A329200,0.072837824,0.002881251
A329650,0.023741936,0.000988631
A332610,0.030832501,0.004380444
A332710,0.010464343,0
A333050,0.007050291,-0.002487562
A333450,,
A333620,,
A333960,0.129396781,0.011170471
A334690,0.114973201,-0.003468781
A334700,0.20780158,0.004024145
A335870,0.0226367,0.00502008
A33637K,0.347556686,1.251781473
A337140,0.122071317,-0.026133974
A337930,0.068285659,-0.021186441
A340120,0.008171743,0
A340360,0.003971459,0
A341790,,
A341850,0.015510019,0.027447217
A342550,0.004001405,0.0025
A344250,,
A344820,0.176617241,-0.25708061
A347890,0.07735182,-0.019047619
A348030,,
A348150,0.052534505,0.034210526
A349720,0.002871288,-0.005012531
A351340,0.013089555,0
A352560,0.034919441,0.045970795
A352820,0.078373019,-0.139650873
A353060,0.001242236,0.005
A356860,0.023391813,-0.089090909
A357550,0,
A358580,,
A359090,0.009233487,-0.002506266
A36328K,0.101137588,-0.006934813
A364960,0.070026129,-0.046822742
A364970,0.104389497,-0.015996122
A365270,,
A365590,0,
A366510,,
A367480,,
A367740,0.044451269,0.076041667
A367770,0.037412631,0.041411043
A368190,0.044132804,0.022826615
A368200,0.044461193,0.023312288
A369370,0,
A371150,0.00567201,0.001473477
A372290,,
A373340,,
A373490,0,
A37550K,,
A376250,,
A376410,,
A377990,,
A379790,,
A380160,,
A380340,,
A380440,,
A381560,,
A383220,,
A383310,,
A385520,,
A388280,,
A388420,,
A394350,,
